ASHPLANTS ASHRAM ASHRAMA ASHRAMAS ASHRAMITE ASHRAMITES ASHRAMS ASHTRAY ASHTRAYS ASHY ASIDE ASIDES ASINICO ASINICOS ASININE ASININELY ASININITIES ASININITY ASK ASKANCE ASKANCED ASKANCES ASKANCING ASKANT ASKANTED ASKANTING ASKANTS ASKARI ASKARIS ASKED ASKER ASKERS ASKESES ASKESIS ASKEW ASKEWNESS ASKEWNESSES ASKING ASKINGS ASKLENT ASKOI ASKOS ASKS ASLAKE ASLAKED ASLAKES ASLAKING ASLANT ASLEEP ASLOPE ASMEAR ASMOULDER ASOCIAL ASP ASPARAGINE ASPARAGINES ASPARAGUS ASPARAGUSES ASPARKLE ASPARTAME ASPARTAMES ASPARTATE ASPARTATES ASPECT ASPECTED ASPECTING ASPECTS ASPECTUAL ASPEN ASPENS ASPER ASPERATE ASPERATED ASPERATES ASPERATING ASPERGE ASPERGED ASPERGER ASPERGERS ASPERGES ASPERGILL ASPERGILLA ASPERGILLI ASPERGILLOSES ASPERGILLOSIS ASPERGILLS ASPERGILLUM ASPERGILLUMS ASPERGILLUS ASPERGING ASPERITIES ASPERITY ASPEROUS ASPERS ASPERSE ASPERSED ASPERSER ASPERSERS ASPERSES ASPERSING ASPERSION ASPERSIONS ASPERSIVE ASPERSOIR ASPERSOIRS ASPERSOR ASPERSORIES ASPERSORS ASPERSORY ASPHALT ASPHALTED ASPHALTER ASPHALTERS ASPHALTIC ASPHALTING ASPHALTITE ASPHALTITES ASPHALTS ASPHALTUM ASPHALTUMS ASPHERIC ASPHERICAL ASPHODEL ASPHODELS ASPHYXIA ASPHYXIAL ASPHYXIAS ASPHYXIATE ASPHYXIATED ASPHYXIATES ASPHYXIATING ASPHYXIATION ASPHYXIATIONS ASPHYXIES ASPHYXY ASPIC ASPICK ASPICKS ASPICS ASPIDIA ASPIDIOID ASPIDISTRA ASPIDISTRAS ASPIDIUM ASPINE ASPINES ASPIRANT ASPIRANTS ASPIRATA ASPIRATAE ASPIRATE ASPIRATED ASPIRATES ASPIRATING ASPIRATION ASPIRATIONAL ASPIRATIONS ASPIRATOR ASPIRATORS ASPIRE ASPIRED ASPIRER ASPIRERS ASPIRES ASPIRIN ASPIRING ASPIRINS ASPIS ASPISES ASPISH ASPLENIUM ASPLENIUMS ASPORT ASPORTED ASPORTING ASPORTS ASPOUT ASPRAWL ASPREAD ASPROUT ASPS ASQUAT ASQUINT ASRAMA ASRAMAS ASS ASSAGAI ASSAGAIED ASSAGAIING ASSAGAIS ASSAI ASSAIL ASSAILABLE ASSAILANT ASSAILANTS ASSAILED ASSAILER ASSAILERS ASSAILING ASSAILS ASSAIS ASSART ASSARTED ASSARTING ASSARTS ASSASSIN ASSASSINATE ASSASSINATED ASSASSINATES ASSASSINATING ASSASSINATION ASSASSINATIONS ASSASSINATOR ASSASSINATORS ASSASSINS ASSAULT ASSAULTED ASSAULTER ASSAULTERS ASSAULTING ASSAULTIVE ASSAULTIVELY ASSAULTIVENESS ASSAULTS ASSAY ASSAYABLE ASSAYED ASSAYER ASSAYERS ASSAYING ASSAYINGS ASSAYS ASSEGAAI ASSEGAAIED ASSEGAAIING ASSEGAAIS ASSEGAI ASSEGAIED ASSEGAIING ASSEGAIS ASSEMBLAGE ASSEMBLAGES ASSEMBLAGIST ASSEMBLAGISTS ASSEMBLE ASSEMBLED ASSEMBLER ASSEMBLERS ASSEMBLES ASSEMBLIES ASSEMBLING ASSEMBLY ASSEMBLYMAN ASSEMBLYMEN ASSEMBLYWOMAN ASSEMBLYWOMEN ASSENT ASSENTATION ASSENTATIONS ASSENTED ASSENTER ASSENTERS ASSENTING ASSENTIVE ASSENTOR ASSENTORS ASSENTS ASSERT ASSERTED ASSERTEDLY ASSERTER ASSERTERS ASSERTING ASSERTION ASSERTIONS ASSERTIVE ASSERTIVELY ASSERTIVENESS ASSERTIVENESSESASSERTOR ASSERTORS ASSERTORY ASSERTS ASSES ASSESS ASSESSABLE ASSESSED ASSESSES ASSESSING ASSESSMENT ASSESSMENTS ASSESSOR ASSESSORS ASSET ASSETS ASSEVER ASSEVERATE ASSEVERATED ASSEVERATES ASSEVERATING ASSEVERATION ASSEVERATIONS ASSEVERATIVE ASSEVERED ASSEVERING ASSEVERS ASSHOLE ASSHOLES ASSIDUITIES ASSIDUITY ASSIDUOUS ASSIDUOUSLY ASSIDUOUSNESS ASSIDUOUSNESSESASSIEGE ASSIEGED ASSIEGES ASSIEGING ASSIENTO ASSIENTOS ASSIGN ASSIGNABILITIESASSIGNABILITY ASSIGNABLE ASSIGNAT ASSIGNATION ASSIGNATIONS ASSIGNATS ASSIGNED ASSIGNEE ASSIGNEES ASSIGNER ASSIGNERS ASSIGNING ASSIGNMENT ASSIGNMENTS ASSIGNOR ASSIGNORS ASSIGNS ASSIMILABILITY ASSIMILABLE ASSIMILATE ASSIMILATED ASSIMILATES ASSIMILATING ASSIMILATION ASSIMILATIONISMASSIMILATIONISTASSIMILATIONS ASSIMILATIVE ASSIMILATOR ASSIMILATORS ASSIMILATORY ASSIST ASSISTANCE ASSISTANCES ASSISTANT ASSISTANTS ASSISTANTSHIP ASSISTANTSHIPS ASSISTED ASSISTER ASSISTERS ASSISTING ASSISTOR ASSISTORS ASSISTS ASSIZE ASSIZED ASSIZER ASSIZERS ASSIZES ASSIZING ASSLIKE ASSOCIATE ASSOCIATED ASSOCIATES ASSOCIATESHIP ASSOCIATESHIPS ASSOCIATING ASSOCIATION ASSOCIATIONAL ASSOCIATIONISM ASSOCIATIONISMSASSOCIATIONIST ASSOCIATIONISTSASSOCIATIONS ASSOCIATIVE ASSOCIATIVELY ASSOCIATIVITIESASSOCIATIVITY ASSOIL ASSOILED ASSOILING ASSOILMENT ASSOILMENTS ASSOILS ASSOILZIE ASSOILZIED ASSOILZIEING ASSOILZIES ASSONANCE ASSONANCES ASSONANT ASSONANTAL ASSONANTS ASSONATE ASSONATED ASSONATES ASSONATING ASSORT ASSORTATIVE ASSORTATIVELY ASSORTED ASSORTER ASSORTERS ASSORTING ASSORTMENT ASSORTMENTS ASSORTS ASSOT ASSOTS ASSOTT ASSOTTED ASSOTTING ASSUAGE ASSUAGED ASSUAGEMENT ASSUAGEMENTS ASSUAGES ASSUAGING ASSUAGINGS ASSUASIVE ASSUETUDE ASSUETUDES ASSUMABILITIES ASSUMABILITY ASSUMABLE ASSUMABLY ASSUME ASSUMED ASSUMEDLY ASSUMER ASSUMERS ASSUMES ASSUMING ASSUMINGS ASSUMPSIT ASSUMPSITS ASSUMPTION ASSUMPTIONS ASSUMPTIVE ASSURABLE ASSURANCE ASSURANCES ASSURE ASSURED ASSUREDLY ASSUREDNESS ASSUREDNESSES ASSUREDS ASSURER ASSURERS ASSURES ASSURGENT ASSURING ASSUROR ASSURORS ASSWAGE ASSWAGED ASSWAGES ASSWAGING ASTABLE ASTARBOARD ASTARE ASTART ASTARTED ASTARTING ASTARTS ASTASIA ASTASIAS ASTATIC ASTATINE ASTATINES ASTATKI ASTATKIS ASTEISM ASTEISMS ASTELIC ASTELIES ASTELY ASTER ASTERIA ASTERIAS ASTERIATED ASTERID ASTERIDS ASTERISK ASTERISKED ASTERISKING ASTERISKLESS ASTERISKS ASTERISM ASTERISMS ASTERN ASTERNAL ASTEROID ASTEROIDAL ASTEROIDS ASTERS ASTERT ASTERTED ASTERTING ASTERTS ASTHENIA ASTHENIAS ASTHENIC ASTHENICS ASTHENIES ASTHENOSPHERE ASTHENOSPHERES ASTHENOSPHERIC ASTHENY ASTHMA ASTHMAS ASTHMATIC ASTHMATICALLY ASTHMATICS ASTHORE ASTHORES ASTICHOUS ASTIGMATIC ASTIGMATICS ASTIGMATISM ASTIGMATISMS ASTIGMIA ASTIGMIAS ASTILBE ASTILBES ASTIR ASTOMOUS ASTONE ASTONED ASTONES ASTONIED ASTONIES ASTONING ASTONISH ASTONISHED ASTONISHES ASTONISHING ASTONISHINGLY ASTONISHMENT ASTONISHMENTS ASTONY ASTONYING ASTOOP ASTOUND ASTOUNDED ASTOUNDING ASTOUNDINGLY ASTOUNDS ASTRADDLE ASTRAGAL ASTRAGALI ASTRAGALS ASTRAKHAN ASTRAKHANS ASTRAL ASTRALLY ASTRALS ASTRAND ASTRANTIA ASTRANTIAS ASTRAY ASTRICT ASTRICTED ASTRICTING ASTRICTS ASTRIDE ASTRINGE ASTRINGED ASTRINGENCIES ASTRINGENCY ASTRINGENT ASTRINGENTLY ASTRINGENTS ASTRINGER ASTRINGERS ASTRINGES ASTRINGING ASTROBIOLOGIES ASTROBIOLOGIST ASTROBIOLOGISTSASTROBIOLOGY ASTROCYTE ASTROCYTES ASTROCYTIC ASTROCYTOMA ASTROCYTOMAS ASTROCYTOMATA ASTRODOME ASTRODOMES ASTROFELL ASTROFELLS ASTROID ASTROIDS ASTROLABE ASTROLABES ASTROLOGER ASTROLOGERS ASTROLOGICAL ASTROLOGICALLY ASTROLOGIES ASTROLOGY ASTROMETRIC ASTROMETRIES ASTROMETRY ASTRONAUT ASTRONAUTIC ASTRONAUTICAL ASTRONAUTICALLYASTRONAUTICS ASTRONAUTS ASTRONOMER ASTRONOMERS ASTRONOMIC ASTRONOMICAL ASTRONOMICALLY ASTRONOMIES ASTRONOMY ASTROPHEL ASTROPHELS ASTROPHOTOGRAPHASTROPHYSICAL ASTROPHYSICALLYASTROPHYSICIST ASTROPHYSICISTSASTROPHYSICS ASTRUT ASTUCIOUS ASTUCITIES ASTUCITY ASTUN ASTUNNED ASTUNNING ASTUNS ASTUTE ASTUTELY ASTUTENESS ASTUTENESSES ASTUTER ASTUTEST ASTYLAR ASUDDEN ASUNDER ASWARM ASWAY ASWIM ASWING ASWIRL ASWOON ASYLA ASYLUM ASYLUMS ASYMMETRIC ASYMMETRICAL ASYMMETRICALLY ASYMMETRIES ASYMMETRY ASYMPTOMATIC ASYMPTOTE ASYMPTOTES ASYMPTOTIC ASYMPTOTICALLY ASYNAPSES ASYNAPSIS ASYNCHRONIES ASYNCHRONISM ASYNCHRONISMS ASYNCHRONOUS ASYNCHRONOUSLY ASYNCHRONY ASYNDETA ASYNDETIC ASYNDETICALLY ASYNDETON ASYNDETONS ASYNERGIA ASYNERGIAS ASYNERGIES ASYNERGY ASYSTOLE ASYSTOLES AT ATABAL ATABALS ATABEG ATABEGS ATABEK ATABEKS ATABRIN ATABRINS ATACAMITE ATACAMITES ATACTIC ATAGHAN ATAGHANS ATALAYA ATALAYAS ATAMAN ATAMANS ATAMASCO ATAMASCOS ATAP ATAPS ATARACTIC ATARACTICS ATARAXIA ATARAXIAS ATARAXIC ATARAXICS ATARAXIES ATARAXY ATAVIC ATAVISM ATAVISMS ATAVIST ATAVISTIC ATAVISTICALLY ATAVISTS ATAXIA ATAXIAS ATAXIC ATAXICS ATAXIES ATAXY ATCHIEVE ATCHIEVED ATCHIEVES ATCHIEVING ATE ATEBRIN ATEBRINS ATECHNIC ATELECTASES ATELECTASIS ATELIC ATELIER ATELIERS ATEMOYA ATEMOYAS ATEMPORAL ATES ATHANASIES ATHANASY ATHANOR ATHANORS ATHEISE ATHEISED ATHEISES ATHEISING ATHEISM ATHEISMS ATHEIST ATHEISTIC ATHEISTICAL ATHEISTICALLY ATHEISTS ATHEIZE ATHEIZED ATHEIZES ATHEIZING ATHELING ATHELINGS ATHEMATIC ATHENAEUM ATHENAEUMS ATHENEUM ATHENEUMS ATHEOLOGIES ATHEOLOGY ATHEORETICAL ATHEOUS ATHERINE ATHERINES ATHEROGENESES ATHEROGENESIS ATHEROGENIC ATHEROMA ATHEROMAS ATHEROMATA ATHEROMATOUS ATHEROSCLEROSESATHEROSCLEROSISATHEROSCLEROTICATHETESES ATHETESIS ATHETISE ATHETISED ATHETISES ATHETISING ATHETIZE ATHETIZED ATHETIZES ATHETIZING ATHETOID ATHETOSES ATHETOSIC ATHETOSIS ATHETOTIC ATHIRST ATHLETA ATHLETAS ATHLETE ATHLETES ATHLETIC ATHLETICALLY ATHLETICISM ATHLETICISMS ATHLETICS ATHODYD ATHODYDS ATHRILL ATHROB ATHROCYTE ATHROCYTES ATHWART ATHWARTSHIP ATHWARTSHIPS ATILT ATIMIES ATIMY ATINGLE ATISHOO ATISHOOS ATLANTES ATLAS ATLASES ATLATL ATLATLS ATMA ATMAN ATMANS ATMAS ATMOLOGIES ATMOLOGY ATMOLYSE ATMOLYSED ATMOLYSES ATMOLYSING ATMOLYSIS ATMOLYZE ATMOLYZED ATMOLYZES ATMOLYZING ATMOMETER ATMOMETERS ATMOSPHERE ATMOSPHERED ATMOSPHERES ATMOSPHERIC ATMOSPHERICALLYATMOSPHERICS ATOC ATOCIA ATOCIAS ATOCS ATOK ATOKAL ATOKE ATOKES ATOKOUS ATOKS ATOLL ATOLLS ATOM ATOMIC ATOMICAL ATOMICALLY ATOMICITIES ATOMICITY ATOMICS ATOMIES ATOMISE ATOMISED ATOMISER ATOMISERS ATOMISES ATOMISING ATOMISM ATOMISMS ATOMIST ATOMISTIC ATOMISTICALLY ATOMISTS ATOMIZATION ATOMIZATIONS ATOMIZE ATOMIZED ATOMIZER ATOMIZERS ATOMIZES ATOMIZING ATOMS ATOMY ATONABLE ATONAL ATONALISM ATONALISMS ATONALIST ATONALISTS ATONALITIES ATONALITY ATONALLY ATONE ATONED ATONEMENT ATONEMENTS ATONER ATONERS ATONES ATONIC ATONICITIES ATONICITY ATONICS ATONIES ATONING ATONINGLY ATONY ATOP ATOPIC ATOPIES ATOPY ATRABILIOUS ATRABILIOUSNESSATRAMENT ATRAMENTS ATRAZINE ATRAZINES ATREMBLE ATRESIA ATRESIAS ATRIA ATRIAL ATRIP ATRIUM ATRIUMS ATROCIOUS ATROCIOUSLY ATROCIOUSNESS ATROCIOUSNESSESATROCITIES ATROCITY ATROPHIA ATROPHIAS ATROPHIC ATROPHIED ATROPHIES ATROPHY ATROPHYING ATROPIA ATROPIAS ATROPIN ATROPINE ATROPINES ATROPINS ATROPISM ATROPISMS ATROPOUS ATT ATTABOY ATTACH ATTACHABLE ATTACHE ATTACHED ATTACHER ATTACHERS ATTACHES ATTACHING ATTACHMENT ATTACHMENTS ATTACK ATTACKED ATTACKER ATTACKERS ATTACKING ATTACKMAN ATTACKMEN ATTACKS ATTAIN ATTAINABILITIESATTAINABILITY ATTAINABLE ATTAINDER ATTAINDERS ATTAINED ATTAINER ATTAINERS ATTAINING ATTAINMENT ATTAINMENTS ATTAINS ATTAINT ATTAINTED ATTAINTING ATTAINTS ATTAP ATTAPS ATTAR ATTARS ATTASK ATTASKED ATTASKING ATTASKS ATTASKT ATTEMPER ATTEMPERED ATTEMPERING ATTEMPERS ASHPLANTS ASHRAM ASHRAMA ASHRAMAS ASHRAMITE ASHRAMITES ASHRAMS ASHTRAY ASHTRAYS ASHY ASIDE ASIDES ASINICO ASINICOS ASININE ASININELY ASININITIES ASININITY ASK ASKANCE ASKANCED ASKANCES ASKANCING ASKANT ASKANTED ASKANTING ASKANTS ASKARI ASKARIS ASKED ASKER ASKERS ASKESES ASKESIS ASKEW ASKEWNESS ASKEWNESSES ASKING ASKINGS ASKLENT ASKOI ASKOS ASKS ASLAKE ASLAKED ASLAKES ASLAKING ASLANT ASLEEP ASLOPE ASMEAR ASMOULDER ASOCIAL ASP ASPARAGINE ASPARAGINES ASPARAGUS ASPARAGUSES ASPARKLE ASPARTAME ASPARTAMES ASPARTATE ASPARTATES ASPECT ASPECTED ASPECTING ASPECTS ASPECTUAL ASPEN ASPENS ASPER ASPERATE ASPERATED ASPERATES ASPERATING ASPERGE ASPERGED ASPERGER ASPERGERS ASPERGES ASPERGILL ASPERGILLA ASPERGILLI ASPERGILLOSES ASPERGILLOSIS ASPERGILLS ASPERGILLUM ASPERGILLUMS ASPERGILLUS ASPERGING ASPERITIES ASPERITY ASPEROUS ASPERS ASPERSE ASPERSED ASPERSER ASPERSERS ASPERSES ASPERSING ASPERSION ASPERSIONS ASPERSIVE ASPERSOIR ASPERSOIRS ASPERSOR ASPERSORIES ASPERSORS ASPERSORY ASPHALT ASPHALTED ASPHALTER ASPHALTERS ASPHALTIC ASPHALTING ASPHALTITE ASPHALTITES ASPHALTS ASPHALTUM ASPHALTUMS ASPHERIC ASPHERICAL ASPHODEL ASPHODELS ASPHYXIA ASPHYXIAL ASPHYXIAS ASPHYXIATE ASPHYXIATED ASPHYXIATES ASPHYXIATING ASPHYXIATION ASPHYXIATIONS ASPHYXIES ASPHYXY ASPIC ASPICK ASPICKS ASPICS ASPIDIA ASPIDIOID ASPIDISTRA ASPIDISTRAS ASPIDIUM ASPINE ASPINES ASPIRANT ASPIRANTS ASPIRATA ASPIRATAE ASPIRATE ASPIRATED ASPIRATES ASPIRATING ASPIRATION ASPIRATIONAL ASPIRATIONS ASPIRATOR ASPIRATORS ASPIRE ASPIRED ASPIRER ASPIRERS ASPIRES ASPIRIN ASPIRING ASPIRINS ASPIS ASPISES ASPISH ASPLENIUM ASPLENIUMS ASPORT ASPORTED ASPORTING ASPORTS ASPOUT ASPRAWL ASPREAD ASPROUT ASPS ASQUAT ASQUINT ASRAMA ASRAMAS ASS ASSAGAI ASSAGAIED ASSAGAIING ASSAGAIS ASSAI ASSAIL ASSAILABLE ASSAILANT ASSAILANTS ASSAILED ASSAILER ASSAILERS ASSAILING ASSAILS ASSAIS ASSART ASSARTED ASSARTING ASSARTS ASSASSIN ASSASSINATE ASSASSINATED ASSASSINATES ASSASSINATING ASSASSINATION ASSASSINATIONS ASSASSINATOR ASSASSINATORS ASSASSINS ASSAULT ASSAULTED ASSAULTER ASSAULTERS ASSAULTING ASSAULTIVE ASSAULTIVELY ASSAULTIVENESS ASSAULTS ASSAY ASSAYABLE ASSAYED ASSAYER ASSAYERS ASSAYING ASSAYINGS ASSAYS ASSEGAAI ASSEGAAIED ASSEGAAIING ASSEGAAIS ASSEGAI ASSEGAIED ASSEGAIING ASSEGAIS ASSEMBLAGE ASSEMBLAGES ASSEMBLAGIST ASSEMBLAGISTS ASSEMBLE ASSEMBLED ASSEMBLER ASSEMBLERS ASSEMBLES ASSEMBLIES ASSEMBLING ASSEMBLY ASSEMBLYMAN ASSEMBLYMEN ASSEMBLYWOMAN ASSEMBLYWOMEN ASSENT ASSENTATION ASSENTATIONS ASSENTED ASSENTER ASSENTERS ASSENTING ASSENTIVE ASSENTOR ASSENTORS ASSENTS ASSERT ASSERTED ASSERTEDLY ASSERTER ASSERTERS ASSERTING ASSERTION ASSERTIONS ASSERTIVE ASSERTIVELY ASSERTIVENESS ASSERTIVENESSESASSERTOR ASSERTORS ASSERTORY ASSERTS ASSES ASSESS ASSESSABLE ASSESSED ASSESSES ASSESSING ASSESSMENT ASSESSMENTS ASSESSOR ASSESSORS ASSET ASSETS ASSEVER ASSEVERATE ASSEVERATED ASSEVERATES ASSEVERATING ASSEVERATION ASSEVERATIONS ASSEVERATIVE ASSEVERED ASSEVERING ASSEVERS ASSHOLE ASSHOLES ASSIDUITIES ASSIDUITY ASSIDUOUS ASSIDUOUSLY ASSIDUOUSNESS ASSIDUOUSNESSESASSIEGE ASSIEGED ASSIEGES ASSIEGING ASSIENTO ASSIENTOS ASSIGN ASSIGNABILITIESASSIGNABILITY ASSIGNABLE ASSIGNAT ASSIGNATION ASSIGNATIONS ASSIGNATS ASSIGNED ASSIGNEE ASSIGNEES ASSIGNER ASSIGNERS ASSIGNING ASSIGNMENT ASSIGNMENTS ASSIGNOR ASSIGNORS ASSIGNS ASSIMILABILITY ASSIMILABLE ASSIMILATE ASSIMILATED ASSIMILATES ASSIMILATING ASSIMILATION ASSIMILATIONISMASSIMILATIONISTASSIMILATIONS ASSIMILATIVE ASSIMILATOR ASSIMILATORS ASSIMILATORY ASSIST ASSISTANCE ASSISTANCES ASSISTANT ASSISTANTS ASSISTANTSHIP ASSISTANTSHIPS ASSISTED ASSISTER ASSISTERS ASSISTING ASSISTOR ASSISTORS ASSISTS ASSIZE ASSIZED ASSIZER ASSIZERS ASSIZES ASSIZING ASSLIKE ASSOCIATE ASSOCIATED ASSOCIATES ASSOCIATESHIP ASSOCIATESHIPS ASSOCIATING ASSOCIATION ASSOCIATIONAL ASSOCIATIONISM ASSOCIATIONISMSASSOCIATIONIST ASSOCIATIONISTSASSOCIATIONS ASSOCIATIVE ASSOCIATIVELY ASSOCIATIVITIESASSOCIATIVITY ASSOIL ASSOILED ASSOILING ASSOILMENT ASSOILMENTS ASSOILS ASSOILZIE ASSOILZIED ASSOILZIEING ASSOILZIES ASSONANCE ASSONANCES ASSONANT ASSONANTAL ASSONANTS ASSONATE ASSONATED ASSONATES ASSONATING ASSORT ASSORTATIVE ASSORTATIVELY ASSORTED ASSORTER ASSORTERS ASSORTING ASSORTMENT ASSORTMENTS ASSORTS ASSOT ASSOTS ASSOTT ASSOTTED ASSOTTING ASSUAGE ASSUAGED ASSUAGEMENT ASSUAGEMENTS ASSUAGES ASSUAGING ASSUAGINGS ASSUASIVE ASSUETUDE ASSUETUDES ASSUMABILITIES ASSUMABILITY ASSUMABLE ASSUMABLY ASSUME ASSUMED ASSUMEDLY ASSUMER ASSUMERS ASSUMES ASSUMING ASSUMINGS ASSUMPSIT ASSUMPSITS ASSUMPTION ASSUMPTIONS ASSUMPTIVE ASSURABLE ASSURANCE ASSURANCES ASSURE ASSURED ASSUREDLY ASSUREDNESS ASSUREDNESSES ASSUREDS ASSURER ASSURERS ASSURES ASSURGENT ASSURING ASSUROR ASSURORS ASSWAGE ASSWAGED ASSWAGES ASSWAGING ASTABLE ASTARBOARD ASTARE ASTART ASTARTED ASTARTING ASTARTS ASTASIA ASTASIAS ASTATIC ASTATINE ASTATINES ASTATKI ASTATKIS ASTEISM ASTEISMS ASTELIC ASTELIES ASTELY ASTER ASTERIA ASTERIAS ASTERIATED ASTERID ASTERIDS ASTERISK ASTERISKED ASTERISKING ASTERISKLESS ASTERISKS ASTERISM ASTERISMS ASTERN ASTERNAL ASTEROID ASTEROIDAL ASTEROIDS ASTERS ASTERT ASTERTED ASTERTING ASTERTS ASTHENIA ASTHENIAS ASTHENIC ASTHENICS ASTHENIES ASTHENOSPHERE ASTHENOSPHERES ASTHENOSPHERIC ASTHENY ASTHMA ASTHMAS ASTHMATIC ASTHMATICALLY ASTHMATICS ASTHORE ASTHORES ASTICHOUS ASTIGMATIC ASTIGMATICS ASTIGMATISM ASTIGMATISMS ASTIGMIA ASTIGMIAS ASTILBE ASTILBES ASTIR ASTOMOUS ASTONE ASTONED ASTONES ASTONIED ASTONIES ASTONING ASTONISH ASTONISHED ASTONISHES ASTONISHING ASTONISHINGLY ASTONISHMENT ASTONISHMENTS ASTONY ASTONYING ASTOOP ASTOUND ASTOUNDED ASTOUNDING ASTOUNDINGLY ASTOUNDS ASTRADDLE ASTRAGAL ASTRAGALI ASTRAGALS ASTRAKHAN ASTRAKHANS ASTRAL ASTRALLY ASTRALS ASTRAND ASTRANTIA ASTRANTIAS ASTRAY ASTRICT ASTRICTED ASTRICTING ASTRICTS ASTRIDE ASTRINGE ASTRINGED ASTRINGENCIES ASTRINGENCY ASTRINGENT ASTRINGENTLY ASTRINGENTS ASTRINGER ASTRINGERS ASTRINGES ASTRINGING ASTROBIOLOGIES ASTROBIOLOGIST ASTROBIOLOGISTSASTROBIOLOGY ASTROCYTE ASTROCYTES ASTROCYTIC ASTROCYTOMA ASTROCYTOMAS ASTROCYTOMATA ASTRODOME ASTRODOMES ASTROFELL ASTROFELLS ASTROID ASTROIDS ASTROLABE ASTROLABES ASTROLOGER ASTROLOGERS ASTROLOGICAL ASTROLOGICALLY ASTROLOGIES ASTROLOGY ASTROMETRIC ASTROMETRIES ASTROMETRY ASTRONAUT ASTRONAUTIC ASTRONAUTICAL ASTRONAUTICALLYASTRONAUTICS ASTRONAUTS ASTRONOMER ASTRONOMERS ASTRONOMIC ASTRONOMICAL ASTRONOMICALLY ASTRONOMIES ASTRONOMY ASTROPHEL ASTROPHELS ASTROPHOTOGRAPHASTROPHYSICAL ASTROPHYSICALLYASTROPHYSICIST ASTROPHYSICISTSASTROPHYSICS ASTRUT ASTUCIOUS ASTUCITIES ASTUCITY ASTUN ASTUNNED ASTUNNING ASTUNS ASTUTE ASTUTELY ASTUTENESS ASTUTENESSES ASTUTER ASTUTEST ASTYLAR ASUDDEN ASUNDER ASWARM ASWAY ASWIM ASWING ASWIRL ASWOON ASYLA ASYLUM ASYLUMS ASYMMETRIC ASYMMETRICAL ASYMMETRICALLY ASYMMETRIES ASYMMETRY ASYMPTOMATIC ASYMPTOTE ASYMPTOTES ASYMPTOTIC ASYMPTOTICALLY ASYNAPSES ASYNAPSIS ASYNCHRONIES ASYNCHRONISM ASYNCHRONISMS ASYNCHRONOUS ASYNCHRONOUSLY ASYNCHRONY ASYNDETA ASYNDETIC ASYNDETICALLY ASYNDETON ASYNDETONS ASYNERGIA ASYNERGIAS ASYNERGIES ASYNERGY ASYSTOLE ASYSTOLES AT ATABAL ATABALS ATABEG ATABEGS ATABEK ATABEKS ATABRIN ATABRINS ATACAMITE ATACAMITES ATACTIC ATAGHAN ATAGHANS ATALAYA ATALAYAS ATAMAN ATAMANS ATAMASCO ATAMASCOS ATAP ATAPS ATARACTIC ATARACTICS ATARAXIA ATARAXIAS ATARAXIC ATARAXICS ATARAXIES ATARAXY ATAVIC ATAVISM ATAVISMS ATAVIST ATAVISTIC ATAVISTICALLY ATAVISTS ATAXIA ATAXIAS ATAXIC ATAXICS ATAXIES ATAXY ATCHIEVE ATCHIEVED ATCHIEVES ATCHIEVING ATE ATEBRIN ATEBRINS ATECHNIC ATELECTASES ATELECTASIS ATELIC ATELIER ATELIERS ATEMOYA ATEMOYAS ATEMPORAL ATES ATHANASIES ATHANASY ATHANOR ATHANORS ATHEISE ATHEISED ATHEISES ATHEISING ATHEISM ATHEISMS ATHEIST ATHEISTIC ATHEISTICAL ATHEISTICALLY ATHEISTS ATHEIZE ATHEIZED ATHEIZES ATHEIZING ATHELING ATHELINGS ATHEMATIC ATHENAEUM ATHENAEUMS ATHENEUM ATHENEUMS ATHEOLOGIES ATHEOLOGY ATHEORETICAL ATHEOUS ATHERINE ATHERINES ATHEROGENESES ATHEROGENESIS ATHEROGENIC ATHEROMA ATHEROMAS ATHEROMATA ATHEROMATOUS ATHEROSCLEROSESATHEROSCLEROSISATHEROSCLEROTICATHETESES ATHETESIS ATHETISE ATHETISED ATHETISES ATHETISING ATHETIZE ATHETIZED ATHETIZES ATHETIZING ATHETOID ATHETOSES ATHETOSIC ATHETOSIS ATHETOTIC ATHIRST ATHLETA ATHLETAS ATHLETE ATHLETES ATHLETIC ATHLETICALLY ATHLETICISM ATHLETICISMS ATHLETICS ATHODYD ATHODYDS ATHRILL ATHROB ATHROCYTE ATHROCYTES ATHWART ATHWARTSHIP ATHWARTSHIPS ATILT ATIMIES ATIMY ATINGLE ATISHOO ATISHOOS ATLANTES ATLAS ATLASES ATLATL ATLATLS ATMA ATMAN ATMANS ATMAS ATMOLOGIES ATMOLOGY ATMOLYSE ATMOLYSED ATMOLYSES ATMOLYSING ATMOLYSIS ATMOLYZE ATMOLYZED ATMOLYZES ATMOLYZING ATMOMETER ATMOMETERS ATMOSPHERE ATMOSPHERED ATMOSPHERES ATMOSPHERIC ATMOSPHERICALLYATMOSPHERICS ATOC ATOCIA ATOCIAS ATOCS ATOK ATOKAL ATOKE ATOKES ATOKOUS ATOKS ATOLL ATOLLS ATOM ATOMIC ATOMICAL ATOMICALLY ATOMICITIES ATOMICITY ATOMICS ATOMIES ATOMISE ATOMISED ATOMISER ATOMISERS ATOMISES ATOMISING ATOMISM ATOMISMS ATOMIST ATOMISTIC ATOMISTICALLY ATOMISTS ATOMIZATION ATOMIZATIONS ATOMIZE ATOMIZED ATOMIZER ATOMIZERS ATOMIZES ATOMIZING ATOMS ATOMY ATONABLE ATONAL ATONALISM ATONALISMS ATONALIST ATONALISTS ATONALITIES ATONALITY ATONALLY ATONE ATONED ATONEMENT ATONEMENTS ATONER ATONERS ATONES ATONIC ATONICITIES ATONICITY ATONICS ATONIES ATONING ATONINGLY ATONY ATOP ATOPIC ATOPIES ATOPY ATRABILIOUS ATRABILIOUSNESSATRAMENT ATRAMENTS ATRAZINE ATRAZINES ATREMBLE ATRESIA ATRESIAS ATRIA ATRIAL ATRIP ATRIUM ATRIUMS ATROCIOUS ATROCIOUSLY ATROCIOUSNESS ATROCIOUSNESSESATROCITIES ATROCITY ATROPHIA ATROPHIAS ATROPHIC ATROPHIED ATROPHIES ATROPHY ATROPHYING ATROPIA ATROPIAS ATROPIN ATROPINE ATROPINES ATROPINS ATROPISM ATROPISMS ATROPOUS ATT ATTABOY ATTACH ATTACHABLE ATTACHE ATTACHED ATTACHER ATTACHERS ATTACHES ATTACHING ATTACHMENT ATTACHMENTS ATTACK ATTACKED ATTACKER ATTACKERS ATTACKING ATTACKMAN ATTACKMEN ATTACKS ATTAIN ATTAINABILITIESATTAINABILITY ATTAINABLE ATTAINDER ATTAINDERS ATTAINED ATTAINER ATTAINERS ATTAINING ATTAINMENT ATTAINMENTS ATTAINS ATTAINT ATTAINTED ATTAINTING ATTAINTS ATTAP ATTAPS ATTAR ATTARS ATTASK ATTASKED ATTASKING ATTASKS ATTASKT ATTEMPER ATTEMPERED ATTEMPERING ATTEMPERS ASHPLANTS ASHRAM ASHRAMA ASHRAMAS ASHRAMITE ASHRAMITES ASHRAMS ASHTRAY ASHTRAYS ASHY ASIDE ASIDES ASINICO ASINICOS ASININE ASININELY ASININITIES ASININITY ASK ASKANCE ASKANCED ASKANCES ASKANCING ASKANT ASKANTED ASKANTING ASKANTS ASKARI ASKARIS ASKED ASKER ASKERS ASKESES ASKESIS ASKEW ASKEWNESS ASKEWNESSES ASKING ASKINGS ASKLENT ASKOI ASKOS ASKS ASLAKE ASLAKED ASLAKES ASLAKING ASLANT ASLEEP ASLOPE ASMEAR ASMOULDER ASOCIAL ASP ASPARAGINE ASPARAGINES ASPARAGUS ASPARAGUSES ASPARKLE ASPARTAME ASPARTAMES ASPARTATE ASPARTATES ASPECT ASPECTED ASPECTING ASPECTS ASPECTUAL ASPEN ASPENS ASPER ASPERATE ASPERATED ASPERATES ASPERATING ASPERGE ASPERGED ASPERGER ASPERGERS ASPERGES ASPERGILL ASPERGILLA ASPERGILLI ASPERGILLOSES ASPERGILLOSIS ASPERGILLS ASPERGILLUM ASPERGILLUMS ASPERGILLUS ASPERGING ASPERITIES ASPERITY ASPEROUS ASPERS ASPERSE ASPERSED ASPERSER ASPERSERS ASPERSES ASPERSING ASPERSION ASPERSIONS ASPERSIVE ASPERSOIR ASPERSOIRS ASPERSOR ASPERSORIES ASPERSORS ASPERSORY ASPHALT ASPHALTED ASPHALTER ASPHALTERS ASPHALTIC ASPHALTING ASPHALTITE ASPHALTITES ASPHALTS ASPHALTUM ASPHALTUMS ASPHERIC ASPHERICAL ASPHODEL ASPHODELS ASPHYXIA ASPHYXIAL ASPHYXIAS ASPHYXIATE ASPHYXIATED ASPHYXIATES ASPHYXIATING ASPHYXIATION ASPHYXIATIONS ASPHYXIES ASPHYXY ASPIC ASPICK ASPICKS ASPICS ASPIDIA ASPIDIOID ASPIDISTRA ASPIDISTRAS ASPIDIUM ASPINE ASPINES ASPIRANT ASPIRANTS ASPIRATA ASPIRATAE ASPIRATE ASPIRATED ASPIRATES ASPIRATING ASPIRATION ASPIRATIONAL ASPIRATIONS ASPIRATOR ASPIRATORS ASPIRE ASPIRED ASPIRER ASPIRERS ASPIRES ASPIRIN ASPIRING ASPIRINS ASPIS ASPISES ASPISH ASPLENIUM ASPLENIUMS ASPORT ASPORTED ASPORTING ASPORTS ASPOUT ASPRAWL ASPREAD ASPROUT ASPS ASQUAT ASQUINT ASRAMA ASRAMAS ASS ASSAGAI ASSAGAIED ASSAGAIING ASSAGAIS ASSAI ASSAIL ASSAILABLE ASSAILANT ASSAILANTS ASSAILED ASSAILER ASSAILERS ASSAILING ASSAILS ASSAIS ASSART ASSARTED ASSARTING ASSARTS ASSASSIN ASSASSINATE ASSASSINATED ASSASSINATES ASSASSINATING ASSASSINATION ASSASSINATIONS ASSASSINATOR ASSASSINATORS ASSASSINS ASSAULT ASSAULTED ASSAULTER ASSAULTERS ASSAULTING ASSAULTIVE ASSAULTIVELY ASSAULTIVENESS ASSAULTS ASSAY ASSAYABLE ASSAYED ASSAYER ASSAYERS ASSAYING ASSAYINGS ASSAYS ASSEGAAI ASSEGAAIED ASSEGAAIING ASSEGAAIS ASSEGAI ASSEGAIED ASSEGAIING ASSEGAIS ASSEMBLAGE ASSEMBLAGES ASSEMBLAGIST ASSEMBLAGISTS ASSEMBLE ASSEMBLED ASSEMBLER ASSEMBLERS ASSEMBLES ASSEMBLIES ASSEMBLING ASSEMBLY ASSEMBLYMAN ASSEMBLYMEN ASSEMBLYWOMAN ASSEMBLYWOMEN ASSENT ASSENTATION ASSENTATIONS ASSENTED ASSENTER ASSENTERS ASSENTING ASSENTIVE ASSENTOR ASSENTORS ASSENTS ASSERT ASSERTED ASSERTEDLY ASSERTER ASSERTERS ASSERTING ASSERTION ASSERTIONS ASSERTIVE ASSERTIVELY ASSERTIVENESS ASSERTIVENESSESASSERTOR ASSERTORS ASSERTORY ASSERTS ASSES ASSESS ASSESSABLE ASSESSED ASSESSES ASSESSING ASSESSMENT ASSESSMENTS ASSESSOR ASSESSORS ASSET ASSETS ASSEVER ASSEVERATE ASSEVERATED ASSEVERATES ASSEVERATING ASSEVERATION ASSEVERATIONS ASSEVERATIVE ASSEVERED ASSEVERING ASSEVERS ASSHOLE ASSHOLES ASSIDUITIES ASSIDUITY ASSIDUOUS ASSIDUOUSLY ASSIDUOUSNESS ASSIDUOUSNESSESASSIEGE ASSIEGED ASSIEGES ASSIEGING ASSIENTO ASSIENTOS ASSIGN ASSIGNABILITIESASSIGNABILITY ASSIGNABLE ASSIGNAT ASSIGNATION ASSIGNATIONS ASSIGNATS ASSIGNED ASSIGNEE ASSIGNEES ASSIGNER ASSIGNERS ASSIGNING ASSIGNMENT ASSIGNMENTS ASSIGNOR ASSIGNORS ASSIGNS ASSIMILABILITY ASSIMILABLE ASSIMILATE ASSIMILATED ASSIMILATES ASSIMILATING ASSIMILATION ASSIMILATIONISMASSIMILATIONISTASSIMILATIONS ASSIMILATIVE ASSIMILATOR ASSIMILATORS ASSIMILATORY ASSIST ASSISTANCE ASSISTANCES ASSISTANT ASSISTANTS ASSISTANTSHIP ASSISTANTSHIPS ASSISTED ASSISTER ASSISTERS ASSISTING ASSISTOR ASSISTORS ASSISTS ASSIZE ASSIZED ASSIZER ASSIZERS ASSIZES ASSIZING ASSLIKE ASSOCIATE ASSOCIATED ASSOCIATES ASSOCIATESHIP ASSOCIATESHIPS ASSOCIATING ASSOCIATION ASSOCIATIONAL ASSOCIATIONISM ASSOCIATIONISMSASSOCIATIONIST ASSOCIATIONISTSASSOCIATIONS ASSOCIATIVE ASSOCIATIVELY ASSOCIATIVITIESASSOCIATIVITY ASSOIL ASSOILED ASSOILING ASSOILMENT ASSOILMENTS ASSOILS ASSOILZIE ASSOILZIED ASSOILZIEING ASSOILZIES ASSONANCE ASSONANCES ASSONANT ASSONANTAL ASSONANTS ASSONATE ASSONATED ASSONATES ASSONATING ASSORT ASSORTATIVE ASSORTATIVELY ASSORTED ASSORTER ASSORTERS ASSORTING ASSORTMENT ASSORTMENTS ASSORTS ASSOT ASSOTS ASSOTT ASSOTTED ASSOTTING ASSUAGE ASSUAGED ASSUAGEMENT ASSUAGEMENTS ASSUAGES ASSUAGING ASSUAGINGS ASSUASIVE ASSUETUDE ASSUETUDES ASSUMABILITIES ASSUMABILITY ASSUMABLE ASSUMABLY ASSUME ASSUMED ASSUMEDLY ASSUMER ASSUMERS ASSUMES ASSUMING ASSUMINGS ASSUMPSIT ASSUMPSITS ASSUMPTION ASSUMPTIONS ASSUMPTIVE ASSURABLE ASSURANCE ASSURANCES ASSURE ASSURED ASSUREDLY ASSUREDNESS ASSUREDNESSES ASSUREDS ASSURER ASSURERS ASSURES ASSURGENT ASSURING ASSUROR ASSURORS ASSWAGE ASSWAGED ASSWAGES ASSWAGING ASTABLE ASTARBOARD ASTARE ASTART ASTARTED ASTARTING ASTARTS ASTASIA ASTASIAS ASTATIC ASTATINE ASTATINES ASTATKI ASTATKIS ASTEISM ASTEISMS ASTELIC ASTELIES ASTELY ASTER ASTERIA ASTERIAS ASTERIATED ASTERID ASTERIDS ASTERISK ASTERISKED ASTERISKING ASTERISKLESS ASTERISKS ASTERISM ASTERISMS ASTERN ASTERNAL ASTEROID ASTEROIDAL ASTEROIDS ASTERS ASTERT ASTERTED ASTERTING ASTERTS ASTHENIA ASTHENIAS ASTHENIC ASTHENICS ASTHENIES ASTHENOSPHERE ASTHENOSPHERES ASTHENOSPHERIC ASTHENY ASTHMA ASTHMAS ASTHMATIC ASTHMATICALLY ASTHMATICS ASTHORE ASTHORES ASTICHOUS ASTIGMATIC ASTIGMATICS ASTIGMATISM ASTIGMATISMS ASTIGMIA ASTIGMIAS ASTILBE ASTILBES ASTIR ASTOMOUS ASTONE ASTONED ASTONES ASTONIED ASTONIES ASTONING ASTONISH ASTONISHED ASTONISHES ASTONISHING ASTONISHINGLY ASTONISHMENT ASTONISHMENTS ASTONY ASTONYING ASTOOP ASTOUND ASTOUNDED ASTOUNDING ASTOUNDINGLY ASTOUNDS ASTRADDLE ASTRAGAL ASTRAGALI ASTRAGALS ASTRAKHAN ASTRAKHANS ASTRAL ASTRALLY ASTRALS ASTRAND ASTRANTIA ASTRANTIAS ASTRAY ASTRICT ASTRICTED ASTRICTING ASTRICTS ASTRIDE ASTRINGE ASTRINGED ASTRINGENCIES ASTRINGENCY ASTRINGENT ASTRINGENTLY ASTRINGENTS ASTRINGER ASTRINGERS ASTRINGES ASTRINGING ASTROBIOLOGIES ASTROBIOLOGIST ASTROBIOLOGISTSASTROBIOLOGY ASTROCYTE ASTROCYTES ASTROCYTIC ASTROCYTOMA ASTROCYTOMAS ASTROCYTOMATA ASTRODOME ASTRODOMES ASTROFELL ASTROFELLS ASTROID ASTROIDS ASTROLABE ASTROLABES ASTROLOGER ASTROLOGERS ASTROLOGICAL ASTROLOGICALLY ASTROLOGIES ASTROLOGY ASTROMETRIC ASTROMETRIES ASTROMETRY ASTRONAUT ASTRONAUTIC ASTRONAUTICAL ASTRONAUTICALLYASTRONAUTICS ASTRONAUTS ASTRONOMER ASTRONOMERS ASTRONOMIC ASTRONOMICAL ASTRONOMICALLY ASTRONOMIES ASTRONOMY ASTROPHEL ASTROPHELS ASTROPHOTOGRAPHASTROPHYSICAL ASTROPHYSICALLYASTROPHYSICIST ASTROPHYSICISTSASTROPHYSICS ASTRUT ASTUCIOUS ASTUCITIES ASTUCITY ASTUN ASTUNNED ASTUNNING ASTUNS ASTUTE ASTUTELY ASTUTENESS ASTUTENESSES ASTUTER ASTUTEST ASTYLAR ASUDDEN ASUNDER ASWARM ASWAY ASWIM ASWING ASWIRL ASWOON ASYLA ASYLUM ASYLUMS ASYMMETRIC ASYMMETRICAL ASYMMETRICALLY ASYMMETRIES ASYMMETRY ASYMPTOMATIC ASYMPTOTE ASYMPTOTES ASYMPTOTIC ASYMPTOTICALLY ASYNAPSES ASYNAPSIS ASYNCHRONIES ASYNCHRONISM ASYNCHRONISMS ASYNCHRONOUS ASYNCHRONOUSLY ASYNCHRONY ASYNDETA ASYNDETIC ASYNDETICALLY ASYNDETON ASYNDETONS ASYNERGIA ASYNERGIAS ASYNERGIES ASYNERGY ASYSTOLE ASYSTOLES AT ATABAL ATABALS ATABEG ATABEGS ATABEK ATABEKS ATABRIN ATABRINS ATACAMITE ATACAMITES ATACTIC ATAGHAN ATAGHANS ATALAYA ATALAYAS ATAMAN ATAMANS ATAMASCO ATAMASCOS ATAP ATAPS ATARACTIC ATARACTICS ATARAXIA ATARAXIAS ATARAXIC ATARAXICS ATARAXIES ATARAXY ATAVIC ATAVISM ATAVISMS ATAVIST ATAVISTIC ATAVISTICALLY ATAVISTS ATAXIA ATAXIAS ATAXIC ATAXICS ATAXIES ATAXY ATCHIEVE ATCHIEVED ATCHIEVES ATCHIEVING ATE ATEBRIN ATEBRINS ATECHNIC ATELECTASES ATELECTASIS ATELIC ATELIER ATELIERS ATEMOYA ATEMOYAS ATEMPORAL ATES ATHANASIES ATHANASY ATHANOR ATHANORS ATHEISE ATHEISED ATHEISES ATHEISING ATHEISM ATHEISMS ATHEIST ATHEISTIC ATHEISTICAL ATHEISTICALLY ATHEISTS ATHEIZE ATHEIZED ATHEIZES ATHEIZING ATHELING ATHELINGS ATHEMATIC ATHENAEUM ATHENAEUMS ATHENEUM ATHENEUMS ATHEOLOGIES ATHEOLOGY ATHEORETICAL ATHEOUS ATHERINE ATHERINES ATHEROGENESES ATHEROGENESIS ATHEROGENIC ATHEROMA ATHEROMAS ATHEROMATA ATHEROMATOUS ATHEROSCLEROSESATHEROSCLEROSISATHEROSCLEROTICATHETESES ATHETESIS ATHETISE ATHETISED ATHETISES ATHETISING ATHETIZE ATHETIZED ATHETIZES ATHETIZING ATHETOID ATHETOSES ATHETOSIC ATHETOSIS ATHETOTIC ATHIRST ATHLETA ATHLETAS ATHLETE ATHLETES ATHLETIC ATHLETICALLY ATHLETICISM ATHLETICISMS ATHLETICS ATHODYD ATHODYDS ATHRILL ATHROB ATHROCYTE ATHROCYTES ATHWART ATHWARTSHIP ATHWARTSHIPS ATILT ATIMIES ATIMY ATINGLE ATISHOO ATISHOOS ATLANTES ATLAS ATLASES ATLATL ATLATLS ATMA ATMAN ATMANS ATMAS ATMOLOGIES ATMOLOGY ATMOLYSE ATMOLYSED ATMOLYSES ATMOLYSING ATMOLYSIS ATMOLYZE ATMOLYZED ATMOLYZES ATMOLYZING ATMOMETER ATMOMETERS ATMOSPHERE ATMOSPHERED ATMOSPHERES ATMOSPHERIC ATMOSPHERICALLYATMOSPHERICS ATOC ATOCIA ATOCIAS ATOCS ATOK ATOKAL ATOKE ATOKES ATOKOUS ATOKS ATOLL ATOLLS ATOM ATOMIC ATOMICAL ATOMICALLY ATOMICITIES ATOMICITY ATOMICS ATOMIES ATOMISE ATOMISED ATOMISER ATOMISERS ATOMISES ATOMISING ATOMISM ATOMISMS ATOMIST ATOMISTIC ATOMISTICALLY ATOMISTS ATOMIZATION ATOMIZATIONS ATOMIZE ATOMIZED ATOMIZER ATOMIZERS ATOMIZES ATOMIZING ATOMS ATOMY ATONABLE ATONAL ATONALISM ATONALISMS ATONALIST ATONALISTS ATONALITIES ATONALITY ATONALLY ATONE ATONED ATONEMENT ATONEMENTS ATONER ATONERS ATONES ATONIC ATONICITIES ATONICITY ATONICS ATONIES ATONING ATONINGLY ATONY ATOP ATOPIC ATOPIES ATOPY ATRABILIOUS ATRABILIOUSNESSATRAMENT ATRAMENTS ATRAZINE ATRAZINES ATREMBLE ATRESIA ATRESIAS ATRIA ATRIAL ATRIP ATRIUM ATRIUMS ATROCIOUS ATROCIOUSLY ATROCIOUSNESS ATROCIOUSNESSESATROCITIES ATROCITY ATROPHIA ATROPHIAS ATROPHIC ATROPHIED ATROPHIES ATROPHY ATROPHYING ATROPIA ATROPIAS ATROPIN ATROPINE ATROPINES ATROPINS ATROPISM ATROPISMS ATROPOUS ATT ATTABOY ATTACH ATTACHABLE ATTACHE ATTACHED ATTACHER ATTACHERS ATTACHES ATTACHING ATTACHMENT ATTACHMENTS ATTACK ATTACKED ATTACKER ATTACKERS ATTACKING ATTACKMAN ATTACKMEN ATTACKS ATTAIN ATTAINABILITIESATTAINABILITY ATTAINABLE ATTAINDER ATTAINDERS ATTAINED ATTAINER ATTAINERS ATTAINING ATTAINMENT ATTAINMENTS ATTAINS ATTAINT ATTAINTED ATTAINTING ATTAINTS ATTAP ATTAPS ATTAR ATTARS ATTASK ATTASKED ATTASKING ATTASKS ATTASKT ATTEMPER ATTEMPERED ATTEMPERING ATTEMPERS ASHPLANTS ASHRAM ASHRAMA ASHRAMAS ASHRAMITE ASHRAMITES ASHRAMS ASHTRAY ASHTRAYS ASHY ASIDE ASIDES ASINICO ASINICOS ASININE ASININELY ASININITIES ASININITY ASK ASKANCE ASKANCED ASKANCES ASKANCING ASKANT ASKANTED ASKANTING ASKANTS ASKARI ASKARIS ASKED ASKER ASKERS ASKESES ASKESIS ASKEW ASKEWNESS ASKEWNESSES ASKING ASKINGS ASKLENT ASKOI ASKOS ASKS ASLAKE ASLAKED ASLAKES ASLAKING ASLANT ASLEEP ASLOPE ASMEAR ASMOULDER ASOCIAL ASP ASPARAGINE ASPARAGINES ASPARAGUS ASPARAGUSES ASPARKLE ASPARTAME ASPARTAMES ASPARTATE ASPARTATES ASPECT ASPECTED ASPECTING ASPECTS ASPECTUAL ASPEN ASPENS ASPER ASPERATE ASPERATED ASPERATES ASPERATING ASPERGE ASPERGED ASPERGER ASPERGERS ASPERGES ASPERGILL ASPERGILLA ASPERGILLI ASPERGILLOSES ASPERGILLOSIS ASPERGILLS ASPERGILLUM ASPERGILLUMS ASPERGILLUS ASPERGING ASPERITIES ASPERITY ASPEROUS ASPERS ASPERSE ASPERSED ASPERSER ASPERSERS ASPERSES ASPERSING ASPERSION ASPERSIONS ASPERSIVE ASPERSOIR ASPERSOIRS ASPERSOR ASPERSORIES ASPERSORS ASPERSORY ASPHALT ASPHALTED ASPHALTER ASPHALTERS ASPHALTIC ASPHALTING ASPHALTITE ASPHALTITES ASPHALTS ASPHALTUM ASPHALTUMS ASPHERIC ASPHERICAL ASPHODEL ASPHODELS ASPHYXIA ASPHYXIAL ASPHYXIAS ASPHYXIATE ASPHYXIATED ASPHYXIATES ASPHYXIATING ASPHYXIATION ASPHYXIATIONS ASPHYXIES ASPHYXY ASPIC ASPICK ASPICKS ASPICS ASPIDIA ASPIDIOID ASPIDISTRA ASPIDISTRAS ASPIDIUM ASPINE ASPINES ASPIRANT ASPIRANTS ASPIRATA ASPIRATAE ASPIRATE ASPIRATED ASPIRATES ASPIRATING ASPIRATION ASPIRATIONAL ASPIRATIONS ASPIRATOR ASPIRATORS ASPIRE ASPIRED ASPIRER ASPIRERS ASPIRES ASPIRIN ASPIRING ASPIRINS ASPIS ASPISES ASPISH ASPLENIUM ASPLENIUMS ASPORT ASPORTED ASPORTING ASPORTS ASPOUT ASPRAWL ASPREAD ASPROUT ASPS ASQUAT ASQUINT ASRAMA ASRAMAS ASS ASSAGAI ASSAGAIED ASSAGAIING ASSAGAIS ASSAI ASSAIL ASSAILABLE ASSAILANT ASSAILANTS ASSAILED ASSAILER ASSAILERS ASSAILING ASSAILS ASSAIS ASSART ASSARTED ASSARTING ASSARTS ASSASSIN ASSASSINATE ASSASSINATED ASSASSINATES ASSASSINATING ASSASSINATION ASSASSINATIONS ASSASSINATOR ASSASSINATORS ASSASSINS ASSAULT ASSAULTED ASSAULTER ASSAULTERS ASSAULTING ASSAULTIVE ASSAULTIVELY ASSAULTIVENESS ASSAULTS ASSAY ASSAYABLE ASSAYED ASSAYER ASSAYERS ASSAYING ASSAYINGS ASSAYS ASSEGAAI ASSEGAAIED ASSEGAAIING ASSEGAAIS ASSEGAI ASSEGAIED ASSEGAIING ASSEGAIS ASSEMBLAGE ASSEMBLAGES ASSEMBLAGIST ASSEMBLAGISTS ASSEMBLE ASSEMBLED ASSEMBLER ASSEMBLERS ASSEMBLES ASSEMBLIES ASSEMBLING ASSEMBLY ASSEMBLYMAN ASSEMBLYMEN ASSEMBLYWOMAN ASSEMBLYWOMEN ASSENT ASSENTATION ASSENTATIONS ASSENTED ASSENTER ASSENTERS ASSENTING ASSENTIVE ASSENTOR ASSENTORS ASSENTS ASSERT ASSERTED ASSERTEDLY ASSERTER ASSERTERS ASSERTING ASSERTION ASSERTIONS ASSERTIVE ASSERTIVELY ASSERTIVENESS ASSERTIVENESSESASSERTOR ASSERTORS ASSERTORY ASSERTS ASSES ASSESS ASSESSABLE ASSESSED ASSESSES ASSESSING ASSESSMENT ASSESSMENTS ASSESSOR ASSESSORS ASSET ASSETS ASSEVER ASSEVERATE ASSEVERATED ASSEVERATES ASSEVERATING ASSEVERATION ASSEVERATIONS ASSEVERATIVE ASSEVERED ASSEVERING ASSEVERS ASSHOLE ASSHOLES ASSIDUITIES ASSIDUITY ASSIDUOUS ASSIDUOUSLY ASSIDUOUSNESS ASSIDUOUSNESSESASSIEGE ASSIEGED ASSIEGES ASSIEGING ASSIENTO ASSIENTOS ASSIGN ASSIGNABILITIESASSIGNABILITY ASSIGNABLE ASSIGNAT ASSIGNATION ASSIGNATIONS ASSIGNATS ASSIGNED ASSIGNEE ASSIGNEES ASSIGNER ASSIGNERS ASSIGNING ASSIGNMENT ASSIGNMENTS ASSIGNOR ASSIGNORS ASSIGNS ASSIMILABILITY ASSIMILABLE ASSIMILATE ASSIMILATED ASSIMILATES ASSIMILATING ASSIMILATION ASSIMILATIONISMASSIMILATIONISTASSIMILATIONS ASSIMILATIVE ASSIMILATOR ASSIMILATORS ASSIMILATORY ASSIST ASSISTANCE ASSISTANCES ASSISTANT ASSISTANTS ASSISTANTSHIP ASSISTANTSHIPS ASSISTED ASSISTER ASSISTERS ASSISTING ASSISTOR ASSISTORS ASSISTS ASSIZE ASSIZED ASSIZER ASSIZERS ASSIZES ASSIZING ASSLIKE ASSOCIATE ASSOCIATED ASSOCIATES ASSOCIATESHIP ASSOCIATESHIPS ASSOCIATING ASSOCIATION ASSOCIATIONAL ASSOCIATIONISM ASSOCIATIONISMSASSOCIATIONIST ASSOCIATIONISTSASSOCIATIONS ASSOCIATIVE ASSOCIATIVELY ASSOCIATIVITIESASSOCIATIVITY ASSOIL ASSOILED ASSOILING ASSOILMENT ASSOILMENTS ASSOILS ASSOILZIE ASSOILZIED ASSOILZIEING ASSOILZIES ASSONANCE ASSONANCES ASSONANT ASSONANTAL ASSONANTS ASSONATE ASSONATED ASSONATES ASSONATING ASSORT ASSORTATIVE ASSORTATIVELY ASSORTED ASSORTER ASSORTERS ASSORTING ASSORTMENT ASSORTMENTS ASSORTS ASSOT ASSOTS ASSOTT ASSOTTED ASSOTTING ASSUAGE ASSUAGED ASSUAGEMENT ASSUAGEMENTS ASSUAGES ASSUAGING ASSUAGINGS ASSUASIVE ASSUETUDE ASSUETUDES ASSUMABILITIES ASSUMABILITY ASSUMABLE ASSUMABLY ASSUME ASSUMED ASSUMEDLY ASSUMER ASSUMERS ASSUMES ASSUMING ASSUMINGS ASSUMPSIT ASSUMPSITS ASSUMPTION ASSUMPTIONS ASSUMPTIVE ASSURABLE ASSURANCE ASSURANCES ASSURE ASSURED ASSUREDLY ASSUREDNESS ASSUREDNESSES ASSUREDS ASSURER ASSURERS ASSURES ASSURGENT ASSURING ASSUROR ASSURORS ASSWAGE ASSWAGED ASSWAGES ASSWAGING ASTABLE ASTARBOARD ASTARE ASTART ASTARTED ASTARTING ASTARTS ASTASIA ASTASIAS ASTATIC ASTATINE ASTATINES ASTATKI ASTATKIS ASTEISM ASTEISMS ASTELIC ASTELIES ASTELY ASTER ASTERIA ASTERIAS ASTERIATED ASTERID ASTERIDS ASTERISK ASTERISKED ASTERISKING ASTERISKLESS ASTERISKS ASTERISM ASTERISMS ASTERN ASTERNAL ASTEROID ASTEROIDAL ASTEROIDS ASTERS ASTERT ASTERTED ASTERTING ASTERTS ASTHENIA ASTHENIAS ASTHENIC ASTHENICS ASTHENIES ASTHENOSPHERE ASTHENOSPHERES ASTHENOSPHERIC ASTHENY ASTHMA ASTHMAS ASTHMATIC ASTHMATICALLY ASTHMATICS ASTHORE ASTHORES ASTICHOUS ASTIGMATIC ASTIGMATICS ASTIGMATISM ASTIGMATISMS ASTIGMIA ASTIGMIAS ASTILBE ASTILBES ASTIR ASTOMOUS ASTONE ASTONED ASTONES ASTONIED ASTONIES ASTONING ASTONISH ASTONISHED ASTONISHES ASTONISHING ASTONISHINGLY ASTONISHMENT ASTONISHMENTS ASTONY ASTONYING ASTOOP ASTOUND ASTOUNDED ASTOUNDING ASTOUNDINGLY ASTOUNDS ASTRADDLE ASTRAGAL ASTRAGALI ASTRAGALS ASTRAKHAN ASTRAKHANS ASTRAL ASTRALLY ASTRALS ASTRAND ASTRANTIA ASTRANTIAS ASTRAY ASTRICT ASTRICTED ASTRICTING ASTRICTS ASTRIDE ASTRINGE ASTRINGED ASTRINGENCIES ASTRINGENCY ASTRINGENT ASTRINGENTLY ASTRINGENTS ASTRINGER ASTRINGERS ASTRINGES ASTRINGING ASTROBIOLOGIES ASTROBIOLOGIST ASTROBIOLOGISTSASTROBIOLOGY ASTROCYTE ASTROCYTES ASTROCYTIC ASTROCYTOMA ASTROCYTOMAS ASTROCYTOMATA ASTRODOME ASTRODOMES ASTROFELL ASTROFELLS ASTROID ASTROIDS ASTROLABE ASTROLABES ASTROLOGER ASTROLOGERS ASTROLOGICAL ASTROLOGICALLY ASTROLOGIES ASTROLOGY ASTROMETRIC ASTROMETRIES ASTROMETRY ASTRONAUT ASTRONAUTIC ASTRONAUTICAL ASTRONAUTICALLYASTRONAUTICS ASTRONAUTS ASTRONOMER ASTRONOMERS ASTRONOMIC ASTRONOMICAL ASTRONOMICALLY ASTRONOMIES ASTRONOMY ASTROPHEL ASTROPHELS ASTROPHOTOGRAPHASTROPHYSICAL ASTROPHYSICALLYASTROPHYSICIST ASTROPHYSICISTSASTROPHYSICS ASTRUT ASTUCIOUS ASTUCITIES ASTUCITY ASTUN ASTUNNED ASTUNNING ASTUNS ASTUTE ASTUTELY ASTUTENESS ASTUTENESSES ASTUTER ASTUTEST ASTYLAR ASUDDEN ASUNDER ASWARM ASWAY ASWIM ASWING ASWIRL ASWOON ASYLA ASYLUM ASYLUMS ASYMMETRIC ASYMMETRICAL ASYMMETRICALLY ASYMMETRIES ASYMMETRY ASYMPTOMATIC ASYMPTOTE ASYMPTOTES ASYMPTOTIC ASYMPTOTICALLY ASYNAPSES ASYNAPSIS ASYNCHRONIES ASYNCHRONISM ASYNCHRONISMS ASYNCHRONOUS ASYNCHRONOUSLY ASYNCHRONY ASYNDETA ASYNDETIC ASYNDETICALLY ASYNDETON ASYNDETONS ASYNERGIA ASYNERGIAS ASYNERGIES ASYNERGY ASYSTOLE ASYSTOLES AT ATABAL ATABALS ATABEG ATABEGS ATABEK ATABEKS ATABRIN ATABRINS ATACAMITE ATACAMITES ATACTIC ATAGHAN ATAGHANS ATALAYA ATALAYAS ATAMAN ATAMANS ATAMASCO ATAMASCOS ATAP ATAPS ATARACTIC ATARACTICS ATARAXIA ATARAXIAS ATARAXIC ATARAXICS ATARAXIES ATARAXY ATAVIC ATAVISM ATAVISMS ATAVIST ATAVISTIC ATAVISTICALLY ATAVISTS ATAXIA ATAXIAS ATAXIC ATAXICS ATAXIES ATAXY ATCHIEVE ATCHIEVED ATCHIEVES ATCHIEVING ATE ATEBRIN ATEBRINS ATECHNIC ATELECTASES ATELECTASIS ATELIC ATELIER ATELIERS ATEMOYA ATEMOYAS ATEMPORAL ATES ATHANASIES ATHANASY ATHANOR ATHANORS ATHEISE ATHEISED ATHEISES ATHEISING ATHEISM ATHEISMS ATHEIST ATHEISTIC ATHEISTICAL ATHEISTICALLY ATHEISTS ATHEIZE ATHEIZED ATHEIZES ATHEIZING ATHELING ATHELINGS ATHEMATIC ATHENAEUM ATHENAEUMS ATHENEUM ATHENEUMS ATHEOLOGIES ATHEOLOGY ATHEORETICAL ATHEOUS ATHERINE ATHERINES ATHEROGENESES ATHEROGENESIS ATHEROGENIC ATHEROMA ATHEROMAS ATHEROMATA ATHEROMATOUS ATHEROSCLEROSESATHEROSCLEROSISATHEROSCLEROTICATHETESES ATHETESIS ATHETISE ATHETISED ATHETISES ATHETISING ATHETIZE ATHETIZED ATHETIZES ATHETIZING ATHETOID ATHETOSES ATHETOSIC ATHETOSIS ATHETOTIC ATHIRST ATHLETA ATHLETAS ATHLETE ATHLETES ATHLETIC ATHLETICALLY ATHLETICISM ATHLETICISMS ATHLETICS ATHODYD ATHODYDS ATHRILL ATHROB ATHROCYTE ATHROCYTES ATHWART ATHWARTSHIP ATHWARTSHIPS ATILT ATIMIES ATIMY ATINGLE ATISHOO ATISHOOS ATLANTES ATLAS ATLASES ATLATL ATLATLS ATMA ATMAN ATMANS ATMAS ATMOLOGIES ATMOLOGY ATMOLYSE ATMOLYSED ATMOLYSES ATMOLYSING ATMOLYSIS ATMOLYZE ATMOLYZED ATMOLYZES ATMOLYZING ATMOMETER ATMOMETERS ATMOSPHERE ATMOSPHERED ATMOSPHERES ATMOSPHERIC ATMOSPHERICALLYATMOSPHERICS ATOC ATOCIA ATOCIAS ATOCS ATOK ATOKAL ATOKE ATOKES ATOKOUS ATOKS ATOLL ATOLLS ATOM ATOMIC ATOMICAL ATOMICALLY ATOMICITIES ATOMICITY ATOMICS ATOMIES ATOMISE ATOMISED ATOMISER ATOMISERS ATOMISES ATOMISING ATOMISM ATOMISMS ATOMIST ATOMISTIC ATOMISTICALLY ATOMISTS ATOMIZATION ATOMIZATIONS ATOMIZE ATOMIZED ATOMIZER ATOMIZERS ATOMIZES ATOMIZING ATOMS ATOMY ATONABLE ATONAL ATONALISM ATONALISMS ATONALIST ATONALISTS ATONALITIES ATONALITY ATONALLY ATONE ATONED ATONEMENT ATONEMENTS ATONER ATONERS ATONES ATONIC ATONICITIES ATONICITY ATONICS ATONIES ATONING ATONINGLY ATONY ATOP ATOPIC ATOPIES ATOPY ATRABILIOUS ATRABILIOUSNESSATRAMENT ATRAMENTS ATRAZINE ATRAZINES ATREMBLE ATRESIA ATRESIAS ATRIA ATRIAL ATRIP ATRIUM ATRIUMS ATROCIOUS ATROCIOUSLY ATROCIOUSNESS ATROCIOUSNESSESATROCITIES ATROCITY ATROPHIA ATROPHIAS ATROPHIC ATROPHIED ATROPHIES ATROPHY ATROPHYING ATROPIA ATROPIAS ATROPIN ATROPINE ATROPINES ATROPINS ATROPISM ATROPISMS ATROPOUS ATT ATTABOY ATTACH ATTACHABLE ATTACHE ATTACHED ATTACHER ATTACHERS ATTACHES ATTACHING ATTACHMENT ATTACHMENTS ATTACK ATTACKED ATTACKER ATTACKERS ATTACKING ATTACKMAN ATTACKMEN ATTACKS ATTAIN ATTAINABILITIESATTAINABILITY ATTAINABLE ATTAINDER ATTAINDERS ATTAINED ATTAINER ATTAINERS ATTAINING ATTAINMENT ATTAINMENTS ATTAINS ATTAINT ATTAINTED ATTAINTING ATTAINTS ATTAP ATTAPS ATTAR ATTARS ATTASK ATTASKED ATTASKING ATTASKS ATTASKT ATTEMPER ATTEMPERED ATTEMPERING ATTEMPERS ASHPLANTS ASHRAM ASHRAMA ASHRAMAS ASHRAMITE ASHRAMITES ASHRAMS ASHTRAY ASHTRAYS ASHY ASIDE ASIDES ASINICO ASINICOS ASININE ASININELY ASININITIES ASININITY ASK ASKANCE ASKANCED ASKANCES ASKANCING ASKANT ASKANTED ASKANTING ASKANTS ASKARI ASKARIS ASKED ASKER ASKERS ASKESES ASKESIS ASKEW ASKEWNESS ASKEWNESSES ASKING ASKINGS ASKLENT ASKOI ASKOS ASKS ASLAKE ASLAKED ASLAKES ASLAKING ASLANT ASLEEP ASLOPE ASMEAR ASMOULDER ASOCIAL ASP ASPARAGINE ASPARAGINES ASPARAGUS ASPARAGUSES ASPARKLE ASPARTAME ASPARTAMES ASPARTATE ASPARTATES ASPECT ASPECTED ASPECTING ASPECTS ASPECTUAL ASPEN ASPENS ASPER ASPERATE ASPERATED ASPERATES ASPERATING ASPERGE ASPERGED ASPERGER ASPERGERS ASPERGES ASPERGILL ASPERGILLA ASPERGILLI ASPERGILLOSES ASPERGILLOSIS ASPERGILLS ASPERGILLUM ASPERGILLUMS ASPERGILLUS ASPERGING ASPERITIES ASPERITY ASPEROUS ASPERS ASPERSE ASPERSED ASPERSER ASPERSERS ASPERSES ASPERSING ASPERSION ASPERSIONS ASPERSIVE ASPERSOIR ASPERSOIRS ASPERSOR ASPERSORIES ASPERSORS ASPERSORY ASPHALT ASPHALTED ASPHALTER ASPHALTERS ASPHALTIC ASPHALTING ASPHALTITE ASPHALTITES ASPHALTS ASPHALTUM ASPHALTUMS ASPHERIC ASPHERICAL ASPHODEL ASPHODELS ASPHYXIA ASPHYXIAL ASPHYXIAS ASPHYXIATE ASPHYXIATED ASPHYXIATES ASPHYXIATING ASPHYXIATION ASPHYXIATIONS ASPHYXIES ASPHYXY ASPIC ASPICK ASPICKS ASPICS ASPIDIA ASPIDIOID ASPIDISTRA ASPIDISTRAS ASPIDIUM ASPINE ASPINES ASPIRANT ASPIRANTS ASPIRATA ASPIRATAE ASPIRATE ASPIRATED ASPIRATES ASPIRATING ASPIRATION ASPIRATIONAL ASPIRATIONS ASPIRATOR ASPIRATORS ASPIRE ASPIRED ASPIRER ASPIRERS ASPIRES ASPIRIN ASPIRING ASPIRINS ASPIS ASPISES ASPISH ASPLENIUM ASPLENIUMS ASPORT ASPORTED ASPORTING ASPORTS ASPOUT ASPRAWL ASPREAD ASPROUT ASPS ASQUAT ASQUINT ASRAMA ASRAMAS ASS ASSAGAI ASSAGAIED ASSAGAIING ASSAGAIS ASSAI ASSAIL ASSAILABLE ASSAILANT ASSAILANTS ASSAILED ASSAILER ASSAILERS ASSAILING ASSAILS ASSAIS ASSART ASSARTED ASSARTING ASSARTS ASSASSIN ASSASSINATE ASSASSINATED ASSASSINATES ASSASSINATING ASSASSINATION ASSASSINATIONS ASSASSINATOR ASSASSINATORS ASSASSINS ASSAULT ASSAULTED ASSAULTER ASSAULTERS ASSAULTING ASSAULTIVE ASSAULTIVELY ASSAULTIVENESS ASSAULTS ASSAY ASSAYABLE ASSAYED ASSAYER ASSAYERS ASSAYING ASSAYINGS ASSAYS ASSEGAAI ASSEGAAIED ASSEGAAIING ASSEGAAIS ASSEGAI ASSEGAIED ASSEGAIING ASSEGAIS ASSEMBLAGE ASSEMBLAGES ASSEMBLAGIST ASSEMBLAGISTS ASSEMBLE ASSEMBLED ASSEMBLER ASSEMBLERS ASSEMBLES ASSEMBLIES ASSEMBLING ASSEMBLY ASSEMBLYMAN ASSEMBLYMEN ASSEMBLYWOMAN ASSEMBLYWOMEN ASSENT ASSENTATION ASSENTATIONS ASSENTED ASSENTER ASSENTERS ASSENTING ASSENTIVE ASSENTOR ASSENTORS ASSENTS ASSERT ASSERTED ASSERTEDLY ASSERTER ASSERTERS ASSERTING ASSERTION ASSERTIONS ASSERTIVE ASSERTIVELY ASSERTIVENESS ASSERTIVENESSESASSERTOR ASSERTORS ASSERTORY ASSERTS ASSES ASSESS ASSESSABLE ASSESSED ASSESSES ASSESSING ASSESSMENT ASSESSMENTS ASSESSOR ASSESSORS ASSET ASSETS ASSEVER ASSEVERATE ASSEVERATED ASSEVERATES ASSEVERATING ASSEVERATION ASSEVERATIONS ASSEVERATIVE ASSEVERED ASSEVERING ASSEVERS ASSHOLE ASSHOLES ASSIDUITIES ASSIDUITY ASSIDUOUS ASSIDUOUSLY ASSIDUOUSNESS ASSIDUOUSNESSESASSIEGE ASSIEGED ASSIEGES ASSIEGING ASSIENTO ASSIENTOS ASSIGN ASSIGNABILITIESASSIGNABILITY ASSIGNABLE ASSIGNAT ASSIGNATION ASSIGNATIONS ASSIGNATS ASSIGNED ASSIGNEE ASSIGNEES ASSIGNER ASSIGNERS ASSIGNING ASSIGNMENT ASSIGNMENTS ASSIGNOR ASSIGNORS ASSIGNS ASSIMILABILITY ASSIMILABLE ASSIMILATE ASSIMILATED ASSIMILATES ASSIMILATING ASSIMILATION ASSIMILATIONISMASSIMILATIONISTASSIMILATIONS ASSIMILATIVE ASSIMILATOR ASSIMILATORS ASSIMILATORY ASSIST ASSISTANCE ASSISTANCES ASSISTANT ASSISTANTS ASSISTANTSHIP ASSISTANTSHIPS ASSISTED ASSISTER ASSISTERS ASSISTING ASSISTOR ASSISTORS ASSISTS ASSIZE ASSIZED ASSIZER ASSIZERS ASSIZES ASSIZING ASSLIKE ASSOCIATE ASSOCIATED ASSOCIATES ASSOCIATESHIP ASSOCIATESHIPS ASSOCIATING ASSOCIATION ASSOCIATIONAL ASSOCIATIONISM ASSOCIATIONISMSASSOCIATIONIST ASSOCIATIONISTSASSOCIATIONS ASSOCIATIVE ASSOCIATIVELY ASSOCIATIVITIESASSOCIATIVITY ASSOIL ASSOILED ASSOILING ASSOILMENT ASSOILMENTS ASSOILS ASSOILZIE ASSOILZIED ASSOILZIEING ASSOILZIES ASSONANCE ASSONANCES ASSONANT ASSONANTAL ASSONANTS ASSONATE ASSONATED ASSONATES ASSONATING ASSORT ASSORTATIVE ASSORTATIVELY ASSORTED ASSORTER ASSORTERS ASSORTING ASSORTMENT ASSORTMENTS ASSORTS ASSOT ASSOTS ASSOTT ASSOTTED ASSOTTING ASSUAGE ASSUAGED ASSUAGEMENT ASSUAGEMENTS ASSUAGES ASSUAGING ASSUAGINGS ASSUASIVE ASSUETUDE ASSUETUDES ASSUMABILITIES ASSUMABILITY ASSUMABLE ASSUMABLY ASSUME ASSUMED ASSUMEDLY ASSUMER ASSUMERS ASSUMES ASSUMING ASSUMINGS ASSUMPSIT ASSUMPSITS ASSUMPTION ASSUMPTIONS ASSUMPTIVE ASSURABLE ASSURANCE ASSURANCES ASSURE ASSURED ASSUREDLY ASSUREDNESS ASSUREDNESSES ASSUREDS ASSURER ASSURERS ASSURES ASSURGENT ASSURING ASSUROR ASSURORS ASSWAGE ASSWAGED ASSWAGES ASSWAGING ASTABLE ASTARBOARD ASTARE ASTART ASTARTED ASTARTING ASTARTS ASTASIA ASTASIAS ASTATIC ASTATINE ASTATINES ASTATKI ASTATKIS ASTEISM ASTEISMS ASTELIC ASTELIES ASTELY ASTER ASTERIA ASTERIAS ASTERIATED ASTERID ASTERIDS ASTERISK ASTERISKED ASTERISKING ASTERISKLESS ASTERISKS ASTERISM ASTERISMS ASTERN ASTERNAL ASTEROID ASTEROIDAL ASTEROIDS ASTERS ASTERT ASTERTED ASTERTING ASTERTS ASTHENIA ASTHENIAS ASTHENIC ASTHENICS ASTHENIES ASTHENOSPHERE ASTHENOSPHERES ASTHENOSPHERIC ASTHENY ASTHMA ASTHMAS ASTHMATIC ASTHMATICALLY ASTHMATICS ASTHORE ASTHORES ASTICHOUS ASTIGMATIC ASTIGMATICS ASTIGMATISM ASTIGMATISMS ASTIGMIA ASTIGMIAS ASTILBE ASTILBES ASTIR ASTOMOUS ASTONE ASTONED ASTONES ASTONIED ASTONIES ASTONING ASTONISH ASTONISHED ASTONISHES ASTONISHING ASTONISHINGLY ASTONISHMENT ASTONISHMENTS ASTONY ASTONYING ASTOOP ASTOUND ASTOUNDED ASTOUNDING ASTOUNDINGLY ASTOUNDS ASTRADDLE ASTRAGAL ASTRAGALI ASTRAGALS ASTRAKHAN ASTRAKHANS ASTRAL ASTRALLY ASTRALS ASTRAND ASTRANTIA ASTRANTIAS ASTRAY ASTRICT ASTRICTED ASTRICTING ASTRICTS ASTRIDE ASTRINGE ASTRINGED ASTRINGENCIES ASTRINGENCY ASTRINGENT ASTRINGENTLY ASTRINGENTS ASTRINGER ASTRINGERS ASTRINGES ASTRINGING ASTROBIOLOGIES ASTROBIOLOGIST ASTROBIOLOGISTSASTROBIOLOGY ASTROCYTE ASTROCYTES ASTROCYTIC ASTROCYTOMA ASTROCYTOMAS ASTROCYTOMATA ASTRODOME ASTRODOMES ASTROFELL ASTROFELLS ASTROID ASTROIDS ASTROLABE ASTROLABES ASTROLOGER ASTROLOGERS ASTROLOGICAL ASTROLOGICALLY ASTROLOGIES ASTROLOGY ASTROMETRIC ASTROMETRIES ASTROMETRY ASTRONAUT ASTRONAUTIC ASTRONAUTICAL ASTRONAUTICALLYASTRONAUTICS ASTRONAUTS ASTRONOMER ASTRONOMERS ASTRONOMIC ASTRONOMICAL ASTRONOMICALLY ASTRONOMIES ASTRONOMY ASTROPHEL ASTROPHELS ASTROPHOTOGRAPHASTROPHYSICAL ASTROPHYSICALLYASTROPHYSICIST ASTROPHYSICISTSASTROPHYSICS ASTRUT ASTUCIOUS ASTUCITIES ASTUCITY ASTUN ASTUNNED ASTUNNING ASTUNS ASTUTE ASTUTELY ASTUTENESS ASTUTENESSES ASTUTER ASTUTEST ASTYLAR ASUDDEN ASUNDER ASWARM ASWAY ASWIM ASWING ASWIRL ASWOON ASYLA ASYLUM ASYLUMS ASYMMETRIC ASYMMETRICAL ASYMMETRICALLY ASYMMETRIES ASYMMETRY ASYMPTOMATIC ASYMPTOTE ASYMPTOTES ASYMPTOTIC ASYMPTOTICALLY ASYNAPSES ASYNAPSIS ASYNCHRONIES ASYNCHRONISM ASYNCHRONISMS ASYNCHRONOUS ASYNCHRONOUSLY ASYNCHRONY ASYNDETA ASYNDETIC ASYNDETICALLY ASYNDETON ASYNDETONS ASYNERGIA ASYNERGIAS ASYNERGIES ASYNERGY ASYSTOLE ASYSTOLES AT ATABAL ATABALS ATABEG ATABEGS ATABEK ATABEKS ATABRIN ATABRINS ATACAMITE ATACAMITES ATACTIC ATAGHAN ATAGHANS ATALAYA ATALAYAS ATAMAN ATAMANS ATAMASCO ATAMASCOS ATAP ATAPS ATARACTIC ATARACTICS ATARAXIA ATARAXIAS ATARAXIC ATARAXICS ATARAXIES ATARAXY ATAVIC ATAVISM ATAVISMS ATAVIST ATAVISTIC ATAVISTICALLY ATAVISTS ATAXIA ATAXIAS ATAXIC ATAXICS ATAXIES ATAXY ATCHIEVE ATCHIEVED ATCHIEVES ATCHIEVING ATE ATEBRIN ATEBRINS ATECHNIC ATELECTASES ATELECTASIS ATELIC ATELIER ATELIERS ATEMOYA ATEMOYAS ATEMPORAL ATES ATHANASIES ATHANASY ATHANOR ATHANORS ATHEISE ATHEISED ATHEISES ATHEISING ATHEISM ATHEISMS ATHEIST ATHEISTIC ATHEISTICAL ATHEISTICALLY ATHEISTS ATHEIZE ATHEIZED ATHEIZES ATHEIZING ATHELING ATHELINGS ATHEMATIC ATHENAEUM ATHENAEUMS ATHENEUM ATHENEUMS ATHEOLOGIES ATHEOLOGY ATHEORETICAL ATHEOUS ATHERINE ATHERINES ATHEROGENESES ATHEROGENESIS ATHEROGENIC ATHEROMA ATHEROMAS ATHEROMATA ATHEROMATOUS ATHEROSCLEROSESATHEROSCLEROSISATHEROSCLEROTICATHETESES ATHETESIS ATHETISE ATHETISED ATHETISES ATHETISING ATHETIZE ATHETIZED ATHETIZES ATHETIZING ATHETOID ATHETOSES ATHETOSIC ATHETOSIS ATHETOTIC ATHIRST ATHLETA ATHLETAS ATHLETE ATHLETES ATHLETIC ATHLETICALLY ATHLETICISM ATHLETICISMS ATHLETICS ATHODYD ATHODYDS ATHRILL ATHROB ATHROCYTE ATHROCYTES ATHWART ATHWARTSHIP ATHWARTSHIPS ATILT ATIMIES ATIMY ATINGLE ATISHOO ATISHOOS ATLANTES ATLAS ATLASES ATLATL ATLATLS ATMA ATMAN ATMANS ATMAS ATMOLOGIES ATMOLOGY ATMOLYSE ATMOLYSED ATMOLYSES ATMOLYSING ATMOLYSIS ATMOLYZE ATMOLYZED ATMOLYZES ATMOLYZING ATMOMETER ATMOMETERS ATMOSPHERE ATMOSPHERED ATMOSPHERES ATMOSPHERIC ATMOSPHERICALLYATMOSPHERICS ATOC ATOCIA ATOCIAS ATOCS ATOK ATOKAL ATOKE ATOKES ATOKOUS ATOKS ATOLL ATOLLS ATOM ATOMIC ATOMICAL ATOMICALLY ATOMICITIES ATOMICITY ATOMICS ATOMIES ATOMISE ATOMISED ATOMISER ATOMISERS ATOMISES ATOMISING ATOMISM ATOMISMS ATOMIST ATOMISTIC ATOMISTICALLY ATOMISTS ATOMIZATION ATOMIZATIONS ATOMIZE ATOMIZED ATOMIZER ATOMIZERS ATOMIZES ATOMIZING ATOMS ATOMY ATONABLE ATONAL ATONALISM ATONALISMS ATONALIST ATONALISTS ATONALITIES ATONALITY ATONALLY ATONE ATONED ATONEMENT ATONEMENTS ATONER ATONERS ATONES ATONIC ATONICITIES ATONICITY ATONICS ATONIES ATONING ATONINGLY ATONY ATOP ATOPIC ATOPIES ATOPY ATRABILIOUS ATRABILIOUSNESSATRAMENT ATRAMENTS ATRAZINE ATRAZINES ATREMBLE ATRESIA ATRESIAS ATRIA ATRIAL ATRIP ATRIUM ATRIUMS ATROCIOUS ATROCIOUSLY ATROCIOUSNESS ATROCIOUSNESSESATROCITIES ATROCITY ATROPHIA ATROPHIAS ATROPHIC ATROPHIED ATROPHIES ATROPHY ATROPHYING ATROPIA ATROPIAS ATROPIN ATROPINE ATROPINES ATROPINS ATROPISM ATROPISMS ATROPOUS ATT ATTABOY ATTACH ATTACHABLE ATTACHE ATTACHED ATTACHER ATTACHERS ATTACHES ATTACHING ATTACHMENT ATTACHMENTS ATTACK ATTACKED ATTACKER ATTACKERS ATTACKING ATTACKMAN ATTACKMEN ATTACKS ATTAIN ATTAINABILITIESATTAINABILITY ATTAINABLE ATTAINDER ATTAINDERS ATTAINED ATTAINER ATTAINERS ATTAINING ATTAINMENT ATTAINMENTS ATTAINS ATTAINT ATTAINTED ATTAINTING ATTAINTS ATTAP ATTAPS ATTAR ATTARS ATTASK ATTASKED ATTASKING ATTASKS ATTASKT ATTEMPER ATTEMPERED ATTEMPERING ATTEMPERS ASHPLANTS ASHRAM ASHRAMA ASHRAMAS ASHRAMITE ASHRAMITES ASHRAMS ASHTRAY ASHTRAYS ASHY ASIDE ASIDES ASINICO ASINICOS ASININE ASININELY ASININITIES ASININITY ASK ASKANCE ASKANCED ASKANCES ASKANCING ASKANT ASKANTED ASKANTING ASKANTS ASKARI ASKARIS ASKED ASKER ASKERS ASKESES ASKESIS ASKEW ASKEWNESS ASKEWNESSES ASKING ASKINGS ASKLENT ASKOI ASKOS ASKS ASLAKE ASLAKED ASLAKES ASLAKING ASLANT ASLEEP ASLOPE ASMEAR ASMOULDER ASOCIAL ASP ASPARAGINE ASPARAGINES ASPARAGUS ASPARAGUSES ASPARKLE ASPARTAME ASPARTAMES ASPARTATE ASPARTATES ASPECT ASPECTED ASPECTING ASPECTS ASPECTUAL ASPEN ASPENS ASPER ASPERATE ASPERATED ASPERATES ASPERATING ASPERGE ASPERGED ASPERGER ASPERGERS ASPERGES ASPERGILL ASPERGILLA ASPERGILLI ASPERGILLOSES ASPERGILLOSIS ASPERGILLS ASPERGILLUM ASPERGILLUMS ASPERGILLUS ASPERGING ASPERITIES ASPERITY ASPEROUS ASPERS ASPERSE ASPERSED ASPERSER ASPERSERS ASPERSES ASPERSING ASPERSION ASPERSIONS ASPERSIVE ASPERSOIR ASPERSOIRS ASPERSOR ASPERSORIES ASPERSORS ASPERSORY ASPHALT ASPHALTED ASPHALTER ASPHALTERS ASPHALTIC ASPHALTING ASPHALTITE ASPHALTITES ASPHALTS ASPHALTUM ASPHALTUMS ASPHERIC ASPHERICAL ASPHODEL ASPHODELS ASPHYXIA ASPHYXIAL ASPHYXIAS ASPHYXIATE ASPHYXIATED ASPHYXIATES ASPHYXIATING ASPHYXIATION ASPHYXIATIONS ASPHYXIES ASPHYXY ASPIC ASPICK ASPICKS ASPICS ASPIDIA ASPIDIOID ASPIDISTRA ASPIDISTRAS ASPIDIUM ASPINE ASPINES ASPIRANT ASPIRANTS ASPIRATA ASPIRATAE ASPIRATE ASPIRATED ASPIRATES ASPIRATING ASPIRATION ASPIRATIONAL ASPIRATIONS ASPIRATOR ASPIRATORS ASPIRE ASPIRED ASPIRER ASPIRERS ASPIRES ASPIRIN ASPIRING ASPIRINS ASPIS ASPISES ASPISH ASPLENIUM ASPLENIUMS ASPORT ASPORTED ASPORTING ASPORTS ASPOUT ASPRAWL ASPREAD ASPROUT ASPS ASQUAT ASQUINT ASRAMA ASRAMAS ASS ASSAGAI ASSAGAIED ASSAGAIING ASSAGAIS ASSAI ASSAIL ASSAILABLE ASSAILANT ASSAILANTS ASSAILED ASSAILER ASSAILERS ASSAILING ASSAILS ASSAIS ASSART ASSARTED ASSARTING ASSARTS ASSASSIN ASSASSINATE ASSASSINATED ASSASSINATES ASSASSINATING ASSASSINATION ASSASSINATIONS ASSASSINATOR ASSASSINATORS ASSASSINS ASSAULT ASSAULTED ASSAULTER ASSAULTERS ASSAULTING ASSAULTIVE ASSAULTIVELY ASSAULTIVENESS ASSAULTS ASSAY ASSAYABLE ASSAYED ASSAYER ASSAYERS ASSAYING ASSAYINGS ASSAYS ASSEGAAI ASSEGAAIED ASSEGAAIING ASSEGAAIS ASSEGAI ASSEGAIED ASSEGAIING ASSEGAIS ASSEMBLAGE ASSEMBLAGES ASSEMBLAGIST ASSEMBLAGISTS ASSEMBLE ASSEMBLED ASSEMBLER ASSEMBLERS ASSEMBLES ASSEMBLIES ASSEMBLING ASSEMBLY ASSEMBLYMAN ASSEMBLYMEN ASSEMBLYWOMAN ASSEMBLYWOMEN ASSENT ASSENTATION ASSENTATIONS ASSENTED ASSENTER ASSENTERS ASSENTING ASSENTIVE ASSENTOR ASSENTORS ASSENTS ASSERT ASSERTED ASSERTEDLY ASSERTER ASSERTERS ASSERTING ASSERTION ASSERTIONS ASSERTIVE ASSERTIVELY ASSERTIVENESS ASSERTIVENESSESASSERTOR ASSERTORS ASSERTORY ASSERTS ASSES ASSESS ASSESSABLE ASSESSED ASSESSES ASSESSING ASSESSMENT ASSESSMENTS ASSESSOR ASSESSORS ASSET ASSETS ASSEVER ASSEVERATE ASSEVERATED ASSEVERATES ASSEVERATING ASSEVERATION ASSEVERATIONS ASSEVERATIVE ASSEVERED ASSEVERING ASSEVERS ASSHOLE ASSHOLES ASSIDUITIES ASSIDUITY ASSIDUOUS ASSIDUOUSLY ASSIDUOUSNESS ASSIDUOUSNESSESASSIEGE ASSIEGED ASSIEGES ASSIEGING ASSIENTO ASSIENTOS ASSIGN ASSIGNABILITIESASSIGNABILITY ASSIGNABLE ASSIGNAT ASSIGNATION ASSIGNATIONS ASSIGNATS ASSIGNED ASSIGNEE ASSIGNEES ASSIGNER ASSIGNERS ASSIGNING ASSIGNMENT ASSIGNMENTS ASSIGNOR ASSIGNORS ASSIGNS ASSIMILABILITY ASSIMILABLE ASSIMILATE ASSIMILATED ASSIMILATES ASSIMILATING ASSIMILATION ASSIMILATIONISMASSIMILATIONISTASSIMILATIONS ASSIMILATIVE ASSIMILATOR ASSIMILATORS ASSIMILATORY ASSIST ASSISTANCE ASSISTANCES ASSISTANT ASSISTANTS ASSISTANTSHIP ASSISTANTSHIPS ASSISTED ASSISTER ASSISTERS ASSISTING ASSISTOR ASSISTORS ASSISTS ASSIZE ASSIZED ASSIZER ASSIZERS ASSIZES ASSIZING ASSLIKE ASSOCIATE ASSOCIATED ASSOCIATES ASSOCIATESHIP ASSOCIATESHIPS ASSOCIATING ASSOCIATION ASSOCIATIONAL ASSOCIATIONISM ASSOCIATIONISMSASSOCIATIONIST ASSOCIATIONISTSASSOCIATIONS ASSOCIATIVE ASSOCIATIVELY ASSOCIATIVITIESASSOCIATIVITY ASSOIL ASSOILED ASSOILING ASSOILMENT ASSOILMENTS ASSOILS ASSOILZIE ASSOILZIED ASSOILZIEING ASSOILZIES ASSONANCE ASSONANCES ASSONANT ASSONANTAL ASSONANTS ASSONATE ASSONATED ASSONATES ASSONATING ASSORT ASSORTATIVE ASSORTATIVELY ASSORTED ASSORTER ASSORTERS ASSORTING ASSORTMENT ASSORTMENTS ASSORTS ASSOT ASSOTS ASSOTT ASSOTTED ASSOTTING ASSUAGE ASSUAGED ASSUAGEMENT ASSUAGEMENTS ASSUAGES ASSUAGING ASSUAGINGS ASSUASIVE ASSUETUDE ASSUETUDES ASSUMABILITIES ASSUMABILITY ASSUMABLE ASSUMABLY ASSUME ASSUMED ASSUMEDLY ASSUMER ASSUMERS ASSUMES ASSUMING ASSUMINGS ASSUMPSIT ASSUMPSITS ASSUMPTION ASSUMPTIONS ASSUMPTIVE ASSURABLE ASSURANCE ASSURANCES ASSURE ASSURED ASSUREDLY ASSUREDNESS ASSUREDNESSES ASSUREDS ASSURER ASSURERS ASSURES ASSURGENT ASSURING ASSUROR ASSURORS ASSWAGE ASSWAGED ASSWAGES ASSWAGING ASTABLE ASTARBOARD ASTARE ASTART ASTARTED ASTARTING ASTARTS ASTASIA ASTASIAS ASTATIC ASTATINE ASTATINES ASTATKI ASTATKIS ASTEISM ASTEISMS ASTELIC ASTELIES ASTELY ASTER ASTERIA ASTERIAS ASTERIATED ASTERID ASTERIDS ASTERISK ASTERISKED ASTERISKING ASTERISKLESS ASTERISKS ASTERISM ASTERISMS ASTERN ASTERNAL ASTEROID ASTEROIDAL ASTEROIDS ASTERS ASTERT ASTERTED ASTERTING ASTERTS ASTHENIA ASTHENIAS ASTHENIC ASTHENICS ASTHENIES ASTHENOSPHERE ASTHENOSPHERES ASTHENOSPHERIC ASTHENY ASTHMA ASTHMAS ASTHMATIC ASTHMATICALLY ASTHMATICS ASTHORE ASTHORES ASTICHOUS ASTIGMATIC ASTIGMATICS ASTIGMATISM ASTIGMATISMS ASTIGMIA ASTIGMIAS ASTILBE ASTILBES ASTIR ASTOMOUS ASTONE ASTONED ASTONES ASTONIED ASTONIES ASTONING ASTONISH ASTONISHED ASTONISHES ASTONISHING ASTONISHINGLY ASTONISHMENT ASTONISHMENTS ASTONY ASTONYING ASTOOP ASTOUND ASTOUNDED ASTOUNDING ASTOUNDINGLY ASTOUNDS ASTRADDLE ASTRAGAL ASTRAGALI ASTRAGALS ASTRAKHAN ASTRAKHANS ASTRAL ASTRALLY ASTRALS ASTRAND ASTRANTIA ASTRANTIAS ASTRAY ASTRICT ASTRICTED ASTRICTING ASTRICTS ASTRIDE ASTRINGE ASTRINGED ASTRINGENCIES ASTRINGENCY ASTRINGENT ASTRINGENTLY ASTRINGENTS ASTRINGER ASTRINGERS ASTRINGES ASTRINGING ASTROBIOLOGIES ASTROBIOLOGIST ASTROBIOLOGISTSASTROBIOLOGY ASTROCYTE ASTROCYTES ASTROCYTIC ASTROCYTOMA ASTROCYTOMAS ASTROCYTOMATA ASTRODOME ASTRODOMES ASTROFELL ASTROFELLS ASTROID ASTROIDS ASTROLABE ASTROLABES ASTROLOGER ASTROLOGERS ASTROLOGICAL ASTROLOGICALLY ASTROLOGIES ASTROLOGY ASTROMETRIC ASTROMETRIES ASTROMETRY ASTRONAUT ASTRONAUTIC ASTRONAUTICAL ASTRONAUTICALLYASTRONAUTICS ASTRONAUTS ASTRONOMER ASTRONOMERS ASTRONOMIC ASTRONOMICAL ASTRONOMICALLY ASTRONOMIES ASTRONOMY ASTROPHEL ASTROPHELS ASTROPHOTOGRAPHASTROPHYSICAL ASTROPHYSICALLYASTROPHYSICIST ASTROPHYSICISTSASTROPHYSICS ASTRUT ASTUCIOUS ASTUCITIES ASTUCITY ASTUN ASTUNNED ASTUNNING ASTUNS ASTUTE ASTUTELY ASTUTENESS ASTUTENESSES ASTUTER ASTUTEST ASTYLAR ASUDDEN ASUNDER ASWARM ASWAY ASWIM ASWING ASWIRL ASWOON ASYLA ASYLUM ASYLUMS ASYMMETRIC ASYMMETRICAL ASYMMETRICALLY ASYMMETRIES ASYMMETRY ASYMPTOMATIC ASYMPTOTE ASYMPTOTES ASYMPTOTIC ASYMPTOTICALLY ASYNAPSES ASYNAPSIS ASYNCHRONIES ASYNCHRONISM ASYNCHRONISMS ASYNCHRONOUS ASYNCHRONOUSLY ASYNCHRONY ASYNDETA ASYNDETIC ASYNDETICALLY ASYNDETON ASYNDETONS ASYNERGIA ASYNERGIAS ASYNERGIES ASYNERGY ASYSTOLE ASYSTOLES AT ATABAL ATABALS ATABEG ATABEGS ATABEK ATABEKS ATABRIN ATABRINS ATACAMITE ATACAMITES ATACTIC ATAGHAN ATAGHANS ATALAYA ATALAYAS ATAMAN ATAMANS ATAMASCO ATAMASCOS ATAP ATAPS ATARACTIC ATARACTICS ATARAXIA ATARAXIAS ATARAXIC ATARAXICS ATARAXIES ATARAXY ATAVIC ATAVISM ATAVISMS ATAVIST ATAVISTIC ATAVISTICALLY ATAVISTS ATAXIA ATAXIAS ATAXIC ATAXICS ATAXIES ATAXY ATCHIEVE ATCHIEVED ATCHIEVES ATCHIEVING ATE ATEBRIN ATEBRINS ATECHNIC ATELECTASES ATELECTASIS ATELIC ATELIER ATELIERS ATEMOYA ATEMOYAS ATEMPORAL ATES ATHANASIES ATHANASY ATHANOR ATHANORS ATHEISE ATHEISED ATHEISES ATHEISING ATHEISM ATHEISMS ATHEIST ATHEISTIC ATHEISTICAL ATHEISTICALLY ATHEISTS ATHEIZE ATHEIZED ATHEIZES ATHEIZING ATHELING ATHELINGS ATHEMATIC ATHENAEUM ATHENAEUMS ATHENEUM ATHENEUMS ATHEOLOGIES ATHEOLOGY ATHEORETICAL ATHEOUS ATHERINE ATHERINES ATHEROGENESES ATHEROGENESIS ATHEROGENIC ATHEROMA ATHEROMAS ATHEROMATA ATHEROMATOUS ATHEROSCLEROSESATHEROSCLEROSISATHEROSCLEROTICATHETESES ATHETESIS ATHETISE ATHETISED ATHETISES ATHETISING ATHETIZE ATHETIZED ATHETIZES ATHETIZING ATHETOID ATHETOSES ATHETOSIC ATHETOSIS ATHETOTIC ATHIRST ATHLETA ATHLETAS ATHLETE ATHLETES ATHLETIC ATHLETICALLY ATHLETICISM ATHLETICISMS ATHLETICS ATHODYD ATHODYDS ATHRILL ATHROB ATHROCYTE ATHROCYTES ATHWART ATHWARTSHIP ATHWARTSHIPS ATILT ATIMIES ATIMY ATINGLE ATISHOO ATISHOOS ATLANTES ATLAS ATLASES ATLATL ATLATLS ATMA ATMAN ATMANS ATMAS ATMOLOGIES ATMOLOGY ATMOLYSE ATMOLYSED ATMOLYSES ATMOLYSING ATMOLYSIS ATMOLYZE ATMOLYZED ATMOLYZES ATMOLYZING ATMOMETER ATMOMETERS ATMOSPHERE ATMOSPHERED ATMOSPHERES ATMOSPHERIC ATMOSPHERICALLYATMOSPHERICS ATOC ATOCIA ATOCIAS ATOCS ATOK ATOKAL ATOKE ATOKES ATOKOUS ATOKS ATOLL ATOLLS ATOM ATOMIC ATOMICAL ATOMICALLY ATOMICITIES ATOMICITY ATOMICS ATOMIES ATOMISE ATOMISED ATOMISER ATOMISERS ATOMISES ATOMISING ATOMISM ATOMISMS ATOMIST ATOMISTIC ATOMISTICALLY ATOMISTS ATOMIZATION ATOMIZATIONS ATOMIZE ATOMIZED ATOMIZER ATOMIZERS ATOMIZES ATOMIZING ATOMS ATOMY ATONABLE ATONAL ATONALISM ATONALISMS ATONALIST ATONALISTS ATONALITIES ATONALITY ATONALLY ATONE ATONED ATONEMENT ATONEMENTS ATONER ATONERS ATONES ATONIC ATONICITIES ATONICITY ATONICS ATONIES ATONING ATONINGLY ATONY ATOP ATOPIC ATOPIES ATOPY ATRABILIOUS ATRABILIOUSNESSATRAMENT ATRAMENTS ATRAZINE ATRAZINES ATREMBLE ATRESIA ATRESIAS ATRIA ATRIAL ATRIP ATRIUM ATRIUMS ATROCIOUS ATROCIOUSLY ATROCIOUSNESS ATROCIOUSNESSESATROCITIES ATROCITY ATROPHIA ATROPHIAS ATROPHIC ATROPHIED ATROPHIES ATROPHY ATROPHYING ATROPIA ATROPIAS ATROPIN ATROPINE ATROPINES ATROPINS ATROPISM ATROPISMS ATROPOUS ATT ATTABOY ATTACH ATTACHABLE ATTACHE ATTACHED ATTACHER ATTACHERS ATTACHES ATTACHING ATTACHMENT ATTACHMENTS ATTACK ATTACKED ATTACKER ATTACKERS ATTACKING ATTACKMAN ATTACKMEN ATTACKS ATTAIN ATTAINABILITIESATTAINABILITY ATTAINABLE ATTAINDER ATTAINDERS ATTAINED ATTAINER ATTAINERS ATTAINING ATTAINMENT ATTAINMENTS ATTAINS ATTAINT ATTAINTED ATTAINTING ATTAINTS ATTAP ATTAPS ATTAR ATTARS ATTASK ATTASKED ATTASKING ATTASKS ATTASKT ATTEMPER ATTEMPERED ATTEMPERING ATTEMPERS ASHPLANTS ASHRAM ASHRAMA ASHRAMAS ASHRAMITE ASHRAMITES ASHRAMS ASHTRAY ASHTRAYS ASHY ASIDE ASIDES ASINICO ASINICOS ASININE ASININELY ASININITIES ASININITY ASK ASKANCE ASKANCED ASKANCES ASKANCING ASKANT ASKANTED ASKANTING ASKANTS ASKARI ASKARIS ASKED ASKER ASKERS ASKESES ASKESIS ASKEW ASKEWNESS ASKEWNESSES ASKING ASKINGS ASKLENT ASKOI ASKOS ASKS ASLAKE ASLAKED ASLAKES ASLAKING ASLANT ASLEEP ASLOPE ASMEAR ASMOULDER ASOCIAL ASP ASPARAGINE ASPARAGINES ASPARAGUS ASPARAGUSES ASPARKLE ASPARTAME ASPARTAMES ASPARTATE ASPARTATES ASPECT ASPECTED ASPECTING ASPECTS ASPECTUAL ASPEN ASPENS ASPER ASPERATE ASPERATED ASPERATES ASPERATING ASPERGE ASPERGED ASPERGER ASPERGERS ASPERGES ASPERGILL ASPERGILLA ASPERGILLI ASPERGILLOSES ASPERGILLOSIS ASPERGILLS ASPERGILLUM ASPERGILLUMS ASPERGILLUS ASPERGING ASPERITIES ASPERITY ASPEROUS ASPERS ASPERSE ASPERSED ASPERSER ASPERSERS ASPERSES ASPERSING ASPERSION ASPERSIONS ASPERSIVE ASPERSOIR ASPERSOIRS ASPERSOR ASPERSORIES ASPERSORS ASPERSORY ASPHALT ASPHALTED ASPHALTER ASPHALTERS ASPHALTIC ASPHALTING ASPHALTITE ASPHALTITES ASPHALTS ASPHALTUM ASPHALTUMS ASPHERIC ASPHERICAL ASPHODEL ASPHODELS ASPHYXIA ASPHYXIAL ASPHYXIAS ASPHYXIATE ASPHYXIATED ASPHYXIATES ASPHYXIATING ASPHYXIATION ASPHYXIATIONS ASPHYXIES ASPHYXY ASPIC ASPICK ASPICKS ASPICS ASPIDIA ASPIDIOID ASPIDISTRA ASPIDISTRAS ASPIDIUM ASPINE ASPINES ASPIRANT ASPIRANTS ASPIRATA ASPIRATAE ASPIRATE ASPIRATED ASPIRATES ASPIRATING ASPIRATION ASPIRATIONAL ASPIRATIONS ASPIRATOR ASPIRATORS ASPIRE ASPIRED ASPIRER ASPIRERS ASPIRES ASPIRIN ASPIRING ASPIRINS ASPIS ASPISES ASPISH ASPLENIUM ASPLENIUMS ASPORT ASPORTED ASPORTING ASPORTS ASPOUT ASPRAWL ASPREAD ASPROUT ASPS ASQUAT ASQUINT ASRAMA ASRAMAS ASS ASSAGAI ASSAGAIED ASSAGAIING ASSAGAIS ASSAI ASSAIL ASSAILABLE ASSAILANT ASSAILANTS ASSAILED ASSAILER ASSAILERS ASSAILING ASSAILS ASSAIS ASSART ASSARTED ASSARTING ASSARTS ASSASSIN ASSASSINATE ASSASSINATED ASSASSINATES ASSASSINATING ASSASSINATION ASSASSINATIONS ASSASSINATOR ASSASSINATORS ASSASSINS ASSAULT ASSAULTED ASSAULTER ASSAULTERS ASSAULTING ASSAULTIVE ASSAULTIVELY ASSAULTIVENESS ASSAULTS ASSAY ASSAYABLE ASSAYED ASSAYER ASSAYERS ASSAYING ASSAYINGS ASSAYS ASSEGAAI ASSEGAAIED ASSEGAAIING ASSEGAAIS ASSEGAI ASSEGAIED ASSEGAIING ASSEGAIS ASSEMBLAGE ASSEMBLAGES ASSEMBLAGIST ASSEMBLAGISTS ASSEMBLE ASSEMBLED ASSEMBLER ASSEMBLERS ASSEMBLES ASSEMBLIES ASSEMBLING ASSEMBLY ASSEMBLYMAN ASSEMBLYMEN ASSEMBLYWOMAN ASSEMBLYWOMEN ASSENT ASSENTATION ASSENTATIONS ASSENTED ASSENTER ASSENTERS ASSENTING ASSENTIVE ASSENTOR ASSENTORS ASSENTS ASSERT ASSERTED ASSERTEDLY ASSERTER ASSERTERS ASSERTING ASSERTION ASSERTIONS ASSERTIVE ASSERTIVELY ASSERTIVENESS ASSERTIVENESSESASSERTOR ASSERTORS ASSERTORY ASSERTS ASSES ASSESS ASSESSABLE ASSESSED ASSESSES ASSESSING ASSESSMENT ASSESSMENTS ASSESSOR ASSESSORS ASSET ASSETS ASSEVER ASSEVERATE ASSEVERATED ASSEVERATES ASSEVERATING ASSEVERATION ASSEVERATIONS ASSEVERATIVE ASSEVERED ASSEVERING ASSEVERS ASSHOLE ASSHOLES ASSIDUITIES ASSIDUITY ASSIDUOUS ASSIDUOUSLY ASSIDUOUSNESS ASSIDUOUSNESSESASSIEGE ASSIEGED ASSIEGES ASSIEGING ASSIENTO ASSIENTOS ASSIGN ASSIGNABILITIESASSIGNABILITY ASSIGNABLE ASSIGNAT ASSIGNATION ASSIGNATIONS ASSIGNATS ASSIGNED ASSIGNEE ASSIGNEES ASSIGNER ASSIGNERS ASSIGNING ASSIGNMENT ASSIGNMENTS ASSIGNOR ASSIGNORS ASSIGNS ASSIMILABILITY ASSIMILABLE ASSIMILATE ASSIMILATED ASSIMILATES ASSIMILATING ASSIMILATION ASSIMILATIONISMASSIMILATIONISTASSIMILATIONS ASSIMILATIVE ASSIMILATOR ASSIMILATORS ASSIMILATORY ASSIST ASSISTANCE ASSISTANCES ASSISTANT ASSISTANTS ASSISTANTSHIP ASSISTANTSHIPS ASSISTED ASSISTER ASSISTERS ASSISTING ASSISTOR ASSISTORS ASSISTS ASSIZE ASSIZED ASSIZER ASSIZERS ASSIZES ASSIZING ASSLIKE ASSOCIATE ASSOCIATED ASSOCIATES ASSOCIATESHIP ASSOCIATESHIPS ASSOCIATING ASSOCIATION ASSOCIATIONAL ASSOCIATIONISM ASSOCIATIONISMSASSOCIATIONIST ASSOCIATIONISTSASSOCIATIONS ASSOCIATIVE ASSOCIATIVELY ASSOCIATIVITIESASSOCIATIVITY ASSOIL ASSOILED ASSOILING ASSOILMENT ASSOILMENTS ASSOILS ASSOILZIE ASSOILZIED ASSOILZIEING ASSOILZIES ASSONANCE ASSONANCES ASSONANT ASSONANTAL ASSONANTS ASSONATE ASSONATED ASSONATES ASSONATING ASSORT ASSORTATIVE ASSORTATIVELY ASSORTED ASSORTER ASSORTERS ASSORTING ASSORTMENT ASSORTMENTS ASSORTS ASSOT ASSOTS ASSOTT ASSOTTED ASSOTTING ASSUAGE ASSUAGED ASSUAGEMENT ASSUAGEMENTS ASSUAGES ASSUAGING ASSUAGINGS ASSUASIVE ASSUETUDE ASSUETUDES ASSUMABILITIES ASSUMABILITY ASSUMABLE ASSUMABLY ASSUME ASSUMED ASSUMEDLY ASSUMER ASSUMERS ASSUMES ASSUMING ASSUMINGS ASSUMPSIT ASSUMPSITS ASSUMPTION ASSUMPTIONS ASSUMPTIVE ASSURABLE ASSURANCE ASSURANCES ASSURE ASSURED ASSUREDLY ASSUREDNESS ASSUREDNESSES ASSUREDS ASSURER ASSURERS ASSURES ASSURGENT ASSURING ASSUROR ASSURORS ASSWAGE ASSWAGED ASSWAGES ASSWAGING ASTABLE ASTARBOARD ASTARE ASTART ASTARTED ASTARTING ASTARTS ASTASIA ASTASIAS ASTATIC ASTATINE ASTATINES ASTATKI ASTATKIS ASTEISM ASTEISMS ASTELIC ASTELIES ASTELY ASTER ASTERIA ASTERIAS ASTERIATED ASTERID ASTERIDS ASTERISK ASTERISKED ASTERISKING ASTERISKLESS ASTERISKS ASTERISM ASTERISMS ASTERN ASTERNAL ASTEROID ASTEROIDAL ASTEROIDS ASTERS ASTERT ASTERTED ASTERTING ASTERTS ASTHENIA ASTHENIAS ASTHENIC ASTHENICS ASTHENIES ASTHENOSPHERE ASTHENOSPHERES ASTHENOSPHERIC ASTHENY ASTHMA ASTHMAS ASTHMATIC ASTHMATICALLY ASTHMATICS ASTHORE ASTHORES ASTICHOUS ASTIGMATIC ASTIGMATICS ASTIGMATISM ASTIGMATISMS ASTIGMIA ASTIGMIAS ASTILBE ASTILBES ASTIR ASTOMOUS ASTONE ASTONED ASTONES ASTONIED ASTONIES ASTONING ASTONISH ASTONISHED ASTONISHES ASTONISHING ASTONISHINGLY ASTONISHMENT ASTONISHMENTS ASTONY ASTONYING ASTOOP ASTOUND ASTOUNDED ASTOUNDING ASTOUNDINGLY ASTOUNDS ASTRADDLE ASTRAGAL ASTRAGALI ASTRAGALS ASTRAKHAN ASTRAKHANS ASTRAL ASTRALLY ASTRALS ASTRAND ASTRANTIA ASTRANTIAS ASTRAY ASTRICT ASTRICTED ASTRICTING ASTRICTS ASTRIDE ASTRINGE ASTRINGED ASTRINGENCIES ASTRINGENCY ASTRINGENT ASTRINGENTLY ASTRINGENTS ASTRINGER ASTRINGERS ASTRINGES ASTRINGING ASTROBIOLOGIES ASTROBIOLOGIST ASTROBIOLOGISTSASTROBIOLOGY ASTROCYTE ASTROCYTES ASTROCYTIC ASTROCYTOMA ASTROCYTOMAS ASTROCYTOMATA ASTRODOME ASTRODOMES ASTROFELL ASTROFELLS ASTROID ASTROIDS ASTROLABE ASTROLABES ASTROLOGER ASTROLOGERS ASTROLOGICAL ASTROLOGICALLY ASTROLOGIES ASTROLOGY ASTROMETRIC ASTROMETRIES ASTROMETRY ASTRONAUT ASTRONAUTIC ASTRONAUTICAL ASTRONAUTICALLYASTRONAUTICS ASTRONAUTS ASTRONOMER ASTRONOMERS ASTRONOMIC ASTRONOMICAL ASTRONOMICALLY ASTRONOMIES ASTRONOMY ASTROPHEL ASTROPHELS ASTROPHOTOGRAPHASTROPHYSICAL ASTROPHYSICALLYASTROPHYSICIST ASTROPHYSICISTSASTROPHYSICS ASTRUT ASTUCIOUS ASTUCITIES ASTUCITY ASTUN ASTUNNED ASTUNNING ASTUNS ASTUTE ASTUTELY ASTUTENESS ASTUTENESSES ASTUTER ASTUTEST ASTYLAR ASUDDEN ASUNDER ASWARM ASWAY ASWIM ASWING ASWIRL ASWOON ASYLA ASYLUM ASYLUMS ASYMMETRIC ASYMMETRICAL ASYMMETRICALLY ASYMMETRIES ASYMMETRY ASYMPTOMATIC ASYMPTOTE ASYMPTOTES ASYMPTOTIC ASYMPTOTICALLY ASYNAPSES ASYNAPSIS ASYNCHRONIES ASYNCHRONISM ASYNCHRONISMS ASYNCHRONOUS ASYNCHRONOUSLY ASYNCHRONY ASYNDETA ASYNDETIC ASYNDETICALLY ASYNDETON ASYNDETONS ASYNERGIA ASYNERGIAS ASYNERGIES ASYNERGY ASYSTOLE ASYSTOLES AT ATABAL ATABALS ATABEG ATABEGS ATABEK ATABEKS ATABRIN ATABRINS ATACAMITE ATACAMITES ATACTIC ATAGHAN ATAGHANS ATALAYA ATALAYAS ATAMAN ATAMANS ATAMASCO ATAMASCOS ATAP ATAPS ATARACTIC ATARACTICS ATARAXIA ATARAXIAS ATARAXIC ATARAXICS ATARAXIES ATARAXY ATAVIC ATAVISM ATAVISMS ATAVIST ATAVISTIC ATAVISTICALLY ATAVISTS ATAXIA ATAXIAS ATAXIC ATAXICS ATAXIES ATAXY ATCHIEVE ATCHIEVED ATCHIEVES ATCHIEVING ATE ATEBRIN ATEBRINS ATECHNIC ATELECTASES ATELECTASIS ATELIC ATELIER ATELIERS ATEMOYA ATEMOYAS ATEMPORAL ATES ATHANASIES ATHANASY ATHANOR ATHANORS ATHEISE ATHEISED ATHEISES ATHEISING ATHEISM ATHEISMS ATHEIST ATHEISTIC ATHEISTICAL ATHEISTICALLY ATHEISTS ATHEIZE ATHEIZED ATHEIZES ATHEIZING ATHELING ATHELINGS ATHEMATIC ATHENAEUM ATHENAEUMS ATHENEUM ATHENEUMS ATHEOLOGIES ATHEOLOGY ATHEORETICAL ATHEOUS ATHERINE ATHERINES ATHEROGENESES ATHEROGENESIS ATHEROGENIC ATHEROMA ATHEROMAS ATHEROMATA ATHEROMATOUS ATHEROSCLEROSESATHEROSCLEROSISATHEROSCLEROTICATHETESES ATHETESIS ATHETISE ATHETISED ATHETISES ATHETISING ATHETIZE ATHETIZED ATHETIZES ATHETIZING ATHETOID ATHETOSES ATHETOSIC ATHETOSIS ATHETOTIC ATHIRST ATHLETA ATHLETAS ATHLETE ATHLETES ATHLETIC ATHLETICALLY ATHLETICISM ATHLETICISMS ATHLETICS ATHODYD ATHODYDS ATHRILL ATHROB ATHROCYTE ATHROCYTES ATHWART ATHWARTSHIP ATHWARTSHIPS ATILT ATIMIES ATIMY ATINGLE ATISHOO ATISHOOS ATLANTES ATLAS ATLASES ATLATL ATLATLS ATMA ATMAN ATMANS ATMAS ATMOLOGIES ATMOLOGY ATMOLYSE ATMOLYSED ATMOLYSES ATMOLYSING ATMOLYSIS ATMOLYZE ATMOLYZED ATMOLYZES ATMOLYZING ATMOMETER ATMOMETERS ATMOSPHERE ATMOSPHERED ATMOSPHERES ATMOSPHERIC ATMOSPHERICALLYATMOSPHERICS ATOC ATOCIA ATOCIAS ATOCS ATOK ATOKAL ATOKE ATOKES ATOKOUS ATOKS ATOLL ATOLLS ATOM ATOMIC ATOMICAL ATOMICALLY ATOMICITIES ATOMICITY ATOMICS ATOMIES ATOMISE ATOMISED ATOMISER ATOMISERS ATOMISES ATOMISING ATOMISM ATOMISMS ATOMIST ATOMISTIC ATOMISTICALLY ATOMISTS ATOMIZATION ATOMIZATIONS ATOMIZE ATOMIZED ATOMIZER ATOMIZERS ATOMIZES ATOMIZING ATOMS ATOMY ATONABLE ATONAL ATONALISM ATONALISMS ATONALIST ATONALISTS ATONALITIES ATONALITY ATONALLY ATONE ATONED ATONEMENT ATONEMENTS ATONER ATONERS ATONES ATONIC ATONICITIES ATONICITY ATONICS ATONIES ATONING ATONINGLY ATONY ATOP ATOPIC ATOPIES ATOPY ATRABILIOUS ATRABILIOUSNESSATRAMENT ATRAMENTS ATRAZINE ATRAZINES ATREMBLE ATRESIA ATRESIAS ATRIA ATRIAL ATRIP ATRIUM ATRIUMS ATROCIOUS ATROCIOUSLY ATROCIOUSNESS ATROCIOUSNESSESATROCITIES ATROCITY ATROPHIA ATROPHIAS ATROPHIC ATROPHIED ATROPHIES ATROPHY ATROPHYING ATROPIA ATROPIAS ATROPIN ATROPINE ATROPINES ATROPINS ATROPISM ATROPISMS ATROPOUS ATT ATTABOY ATTACH ATTACHABLE ATTACHE ATTACHED ATTACHER ATTACHERS ATTACHES ATTACHING ATTACHMENT ATTACHMENTS ATTACK ATTACKED ATTACKER ATTACKERS ATTACKING ATTACKMAN ATTACKMEN ATTACKS ATTAIN ATTAINABILITIESATTAINABILITY ATTAINABLE ATTAINDER ATTAINDERS ATTAINED ATTAINER ATTAINERS ATTAINING ATTAINMENT ATTAINMENTS ATTAINS ATTAINT ATTAINTED ATTAINTING ATTAINTS ATTAP ATTAPS ATTAR ATTARS ATTASK ATTASKED ATTASKING ATTASKS ATTASKT ATTEMPER ATTEMPERED ATTEMPERING ATTEMPERS ASHPLANTS ASHRAM ASHRAMA ASHRAMAS ASHRAMITE ASHRAMITES ASHRAMS ASHTRAY ASHTRAYS ASHY ASIDE ASIDES ASINICO ASINICOS ASININE ASININELY ASININITIES ASININITY ASK ASKANCE ASKANCED ASKANCES ASKANCING ASKANT ASKANTED ASKANTING ASKANTS ASKARI ASKARIS ASKED ASKER ASKERS ASKESES ASKESIS ASKEW ASKEWNESS ASKEWNESSES ASKING ASKINGS ASKLENT ASKOI ASKOS ASKS ASLAKE ASLAKED ASLAKES ASLAKING ASLANT ASLEEP ASLOPE ASMEAR ASMOULDER ASOCIAL ASP ASPARAGINE ASPARAGINES ASPARAGUS ASPARAGUSES ASPARKLE ASPARTAME ASPARTAMES ASPARTATE ASPARTATES ASPECT ASPECTED ASPECTING ASPECTS ASPECTUAL ASPEN ASPENS ASPER ASPERATE ASPERATED ASPERATES ASPERATING ASPERGE ASPERGED ASPERGER ASPERGERS ASPERGES ASPERGILL ASPERGILLA ASPERGILLI ASPERGILLOSES ASPERGILLOSIS ASPERGILLS ASPERGILLUM ASPERGILLUMS ASPERGILLUS ASPERGING ASPERITIES ASPERITY ASPEROUS ASPERS ASPERSE ASPERSED ASPERSER ASPERSERS ASPERSES ASPERSING ASPERSION ASPERSIONS ASPERSIVE ASPERSOIR ASPERSOIRS ASPERSOR ASPERSORIES ASPERSORS ASPERSORY ASPHALT ASPHALTED ASPHALTER ASPHALTERS ASPHALTIC ASPHALTING ASPHALTITE ASPHALTITES ASPHALTS ASPHALTUM ASPHALTUMS ASPHERIC ASPHERICAL ASPHODEL ASPHODELS ASPHYXIA ASPHYXIAL ASPHYXIAS ASPHYXIATE ASPHYXIATED ASPHYXIATES ASPHYXIATING ASPHYXIATION ASPHYXIATIONS ASPHYXIES ASPHYXY ASPIC ASPICK ASPICKS ASPICS ASPIDIA ASPIDIOID ASPIDISTRA ASPIDISTRAS ASPIDIUM ASPINE ASPINES ASPIRANT ASPIRANTS ASPIRATA ASPIRATAE ASPIRATE ASPIRATED ASPIRATES ASPIRATING ASPIRATION ASPIRATIONAL ASPIRATIONS ASPIRATOR ASPIRATORS ASPIRE ASPIRED ASPIRER ASPIRERS ASPIRES ASPIRIN ASPIRING ASPIRINS ASPIS ASPISES ASPISH ASPLENIUM ASPLENIUMS ASPORT ASPORTED ASPORTING ASPORTS ASPOUT ASPRAWL ASPREAD ASPROUT ASPS ASQUAT ASQUINT ASRAMA ASRAMAS ASS ASSAGAI ASSAGAIED ASSAGAIING ASSAGAIS ASSAI ASSAIL ASSAILABLE ASSAILANT ASSAILANTS ASSAILED ASSAILER ASSAILERS ASSAILING ASSAILS ASSAIS ASSART ASSARTED ASSARTING ASSARTS ASSASSIN ASSASSINATE ASSASSINATED ASSASSINATES ASSASSINATING ASSASSINATION ASSASSINATIONS ASSASSINATOR ASSASSINATORS ASSASSINS ASSAULT ASSAULTED ASSAULTER ASSAULTERS ASSAULTING ASSAULTIVE ASSAULTIVELY ASSAULTIVENESS ASSAULTS ASSAY ASSAYABLE ASSAYED ASSAYER ASSAYERS ASSAYING ASSAYINGS ASSAYS ASSEGAAI ASSEGAAIED ASSEGAAIING ASSEGAAIS ASSEGAI ASSEGAIED ASSEGAIING ASSEGAIS ASSEMBLAGE ASSEMBLAGES ASSEMBLAGIST ASSEMBLAGISTS ASSEMBLE ASSEMBLED ASSEMBLER ASSEMBLERS ASSEMBLES ASSEMBLIES ASSEMBLING ASSEMBLY ASSEMBLYMAN ASSEMBLYMEN ASSEMBLYWOMAN ASSEMBLYWOMEN ASSENT ASSENTATION ASSENTATIONS ASSENTED ASSENTER ASSENTERS ASSENTING ASSENTIVE ASSENTOR ASSENTORS ASSENTS ASSERT ASSERTED ASSERTEDLY ASSERTER ASSERTERS ASSERTING ASSERTION ASSERTIONS ASSERTIVE ASSERTIVELY ASSERTIVENESS ASSERTIVENESSESASSERTOR ASSERTORS ASSERTORY ASSERTS ASSES ASSESS ASSESSABLE ASSESSED ASSESSES ASSESSING ASSESSMENT ASSESSMENTS ASSESSOR ASSESSORS ASSET ASSETS ASSEVER ASSEVERATE ASSEVERATED ASSEVERATES ASSEVERATING ASSEVERATION ASSEVERATIONS ASSEVERATIVE ASSEVERED ASSEVERING ASSEVERS ASSHOLE ASSHOLES ASSIDUITIES ASSIDUITY ASSIDUOUS ASSIDUOUSLY ASSIDUOUSNESS ASSIDUOUSNESSESASSIEGE ASSIEGED ASSIEGES ASSIEGING ASSIENTO ASSIENTOS ASSIGN ASSIGNABILITIESASSIGNABILITY ASSIGNABLE ASSIGNAT ASSIGNATION ASSIGNATIONS ASSIGNATS ASSIGNED ASSIGNEE ASSIGNEES ASSIGNER ASSIGNERS ASSIGNING ASSIGNMENT ASSIGNMENTS ASSIGNOR ASSIGNORS ASSIGNS ASSIMILABILITY ASSIMILABLE ASSIMILATE ASSIMILATED ASSIMILATES ASSIMILATING ASSIMILATION ASSIMILATIONISMASSIMILATIONISTASSIMILATIONS ASSIMILATIVE ASSIMILATOR ASSIMILATORS ASSIMILATORY ASSIST ASSISTANCE ASSISTANCES ASSISTANT ASSISTANTS ASSISTANTSHIP ASSISTANTSHIPS ASSISTED ASSISTER ASSISTERS ASSISTING ASSISTOR ASSISTORS ASSISTS ASSIZE ASSIZED ASSIZER ASSIZERS ASSIZES ASSIZING ASSLIKE ASSOCIATE ASSOCIATED ASSOCIATES ASSOCIATESHIP ASSOCIATESHIPS ASSOCIATING ASSOCIATION ASSOCIATIONAL ASSOCIATIONISM ASSOCIATIONISMSASSOCIATIONIST ASSOCIATIONISTSASSOCIATIONS ASSOCIATIVE ASSOCIATIVELY ASSOCIATIVITIESASSOCIATIVITY ASSOIL ASSOILED ASSOILING ASSOILMENT ASSOILMENTS ASSOILS ASSOILZIE ASSOILZIED ASSOILZIEING ASSOILZIES ASSONANCE ASSONANCES ASSONANT ASSONANTAL ASSONANTS ASSONATE ASSONATED ASSONATES ASSONATING ASSORT ASSORTATIVE ASSORTATIVELY ASSORTED ASSORTER ASSORTERS ASSORTING ASSORTMENT ASSORTMENTS ASSORTS ASSOT ASSOTS ASSOTT ASSOTTED ASSOTTING ASSUAGE ASSUAGED ASSUAGEMENT ASSUAGEMENTS ASSUAGES ASSUAGING ASSUAGINGS ASSUASIVE ASSUETUDE ASSUETUDES ASSUMABILITIES ASSUMABILITY ASSUMABLE ASSUMABLY ASSUME ASSUMED ASSUMEDLY ASSUMER ASSUMERS ASSUMES ASSUMING ASSUMINGS ASSUMPSIT ASSUMPSITS ASSUMPTION ASSUMPTIONS ASSUMPTIVE ASSURABLE ASSURANCE ASSURANCES ASSURE ASSURED ASSUREDLY ASSUREDNESS ASSUREDNESSES ASSUREDS ASSURER ASSURERS ASSURES ASSURGENT ASSURING ASSUROR ASSURORS ASSWAGE ASSWAGED ASSWAGES ASSWAGING ASTABLE ASTARBOARD ASTARE ASTART ASTARTED ASTARTING ASTARTS ASTASIA ASTASIAS ASTATIC ASTATINE ASTATINES ASTATKI ASTATKIS ASTEISM ASTEISMS ASTELIC ASTELIES ASTELY ASTER ASTERIA ASTERIAS ASTERIATED ASTERID ASTERIDS ASTERISK ASTERISKED ASTERISKING ASTERISKLESS ASTERISKS ASTERISM ASTERISMS ASTERN ASTERNAL ASTEROID ASTEROIDAL ASTEROIDS ASTERS ASTERT ASTERTED ASTERTING ASTERTS ASTHENIA ASTHENIAS ASTHENIC ASTHENICS ASTHENIES ASTHENOSPHERE ASTHENOSPHERES ASTHENOSPHERIC ASTHENY ASTHMA ASTHMAS ASTHMATIC ASTHMATICALLY ASTHMATICS ASTHORE ASTHORES ASTICHOUS ASTIGMATIC ASTIGMATICS ASTIGMATISM ASTIGMATISMS ASTIGMIA ASTIGMIAS ASTILBE ASTILBES ASTIR ASTOMOUS ASTONE ASTONED ASTONES ASTONIED ASTONIES ASTONING ASTONISH ASTONISHED ASTONISHES ASTONISHING ASTONISHINGLY ASTONISHMENT ASTONISHMENTS ASTONY ASTONYING ASTOOP ASTOUND ASTOUNDED ASTOUNDING ASTOUNDINGLY ASTOUNDS ASTRADDLE ASTRAGAL ASTRAGALI ASTRAGALS ASTRAKHAN ASTRAKHANS ASTRAL ASTRALLY ASTRALS ASTRAND ASTRANTIA ASTRANTIAS ASTRAY ASTRICT ASTRICTED ASTRICTING ASTRICTS ASTRIDE ASTRINGE ASTRINGED ASTRINGENCIES ASTRINGENCY ASTRINGENT ASTRINGENTLY ASTRINGENTS ASTRINGER ASTRINGERS ASTRINGES ASTRINGING ASTROBIOLOGIES ASTROBIOLOGIST ASTROBIOLOGISTSASTROBIOLOGY ASTROCYTE ASTROCYTES ASTROCYTIC ASTROCYTOMA ASTROCYTOMAS ASTROCYTOMATA ASTRODOME ASTRODOMES ASTROFELL ASTROFELLS ASTROID ASTROIDS ASTROLABE ASTROLABES ASTROLOGER ASTROLOGERS ASTROLOGICAL ASTROLOGICALLY ASTROLOGIES ASTROLOGY ASTROMETRIC ASTROMETRIES ASTROMETRY ASTRONAUT ASTRONAUTIC ASTRONAUTICAL ASTRONAUTICALLYASTRONAUTICS ASTRONAUTS ASTRONOMER ASTRONOMERS ASTRONOMIC ASTRONOMICAL ASTRONOMICALLY ASTRONOMIES ASTRONOMY ASTROPHEL ASTROPHELS ASTROPHOTOGRAPHASTROPHYSICAL ASTROPHYSICALLYASTROPHYSICIST ASTROPHYSICISTSASTROPHYSICS ASTRUT ASTUCIOUS ASTUCITIES ASTUCITY ASTUN ASTUNNED ASTUNNING ASTUNS ASTUTE ASTUTELY ASTUTENESS ASTUTENESSES ASTUTER ASTUTEST ASTYLAR ASUDDEN ASUNDER ASWARM ASWAY ASWIM ASWING ASWIRL ASWOON ASYLA ASYLUM ASYLUMS ASYMMETRIC ASYMMETRICAL ASYMMETRICALLY ASYMMETRIES ASYMMETRY ASYMPTOMATIC ASYMPTOTE ASYMPTOTES ASYMPTOTIC ASYMPTOTICALLY ASYNAPSES ASYNAPSIS ASYNCHRONIES ASYNCHRONISM ASYNCHRONISMS ASYNCHRONOUS ASYNCHRONOUSLY ASYNCHRONY ASYNDETA ASYNDETIC ASYNDETICALLY ASYNDETON ASYNDETONS ASYNERGIA ASYNERGIAS ASYNERGIES ASYNERGY ASYSTOLE ASYSTOLES AT ATABAL ATABALS ATABEG ATABEGS ATABEK ATABEKS ATABRIN ATABRINS ATACAMITE ATACAMITES ATACTIC ATAGHAN ATAGHANS ATALAYA ATALAYAS ATAMAN ATAMANS ATAMASCO ATAMASCOS ATAP ATAPS ATARACTIC ATARACTICS ATARAXIA ATARAXIAS ATARAXIC ATARAXICS ATARAXIES ATARAXY ATAVIC ATAVISM ATAVISMS ATAVIST ATAVISTIC ATAVISTICALLY ATAVISTS ATAXIA ATAXIAS ATAXIC ATAXICS ATAXIES ATAXY ATCHIEVE ATCHIEVED ATCHIEVES ATCHIEVING ATE ATEBRIN ATEBRINS ATECHNIC ATELECTASES ATELECTASIS ATELIC ATELIER ATELIERS ATEMOYA ATEMOYAS ATEMPORAL ATES ATHANASIES ATHANASY ATHANOR ATHANORS ATHEISE ATHEISED ATHEISES ATHEISING ATHEISM ATHEISMS ATHEIST ATHEISTIC ATHEISTICAL ATHEISTICALLY ATHEISTS ATHEIZE ATHEIZED ATHEIZES ATHEIZING ATHELING ATHELINGS ATHEMATIC ATHENAEUM ATHENAEUMS ATHENEUM ATHENEUMS ATHEOLOGIES ATHEOLOGY ATHEORETICAL ATHEOUS ATHERINE ATHERINES ATHEROGENESES ATHEROGENESIS ATHEROGENIC ATHEROMA ATHEROMAS ATHEROMATA ATHEROMATOUS ATHEROSCLEROSESATHEROSCLEROSISATHEROSCLEROTICATHETESES ATHETESIS ATHETISE ATHETISED ATHETISES ATHETISING ATHETIZE ATHETIZED ATHETIZES ATHETIZING ATHETOID ATHETOSES ATHETOSIC ATHETOSIS ATHETOTIC ATHIRST ATHLETA ATHLETAS ATHLETE ATHLETES ATHLETIC ATHLETICALLY ATHLETICISM ATHLETICISMS ATHLETICS ATHODYD ATHODYDS ATHRILL ATHROB ATHROCYTE ATHROCYTES ATHWART ATHWARTSHIP ATHWARTSHIPS ATILT ATIMIES ATIMY ATINGLE ATISHOO ATISHOOS ATLANTES ATLAS ATLASES ATLATL ATLATLS ATMA ATMAN ATMANS ATMAS ATMOLOGIES ATMOLOGY ATMOLYSE ATMOLYSED ATMOLYSES ATMOLYSING ATMOLYSIS ATMOLYZE ATMOLYZED ATMOLYZES ATMOLYZING ATMOMETER ATMOMETERS ATMOSPHERE ATMOSPHERED ATMOSPHERES ATMOSPHERIC ATMOSPHERICALLYATMOSPHERICS ATOC ATOCIA ATOCIAS ATOCS ATOK ATOKAL ATOKE ATOKES ATOKOUS ATOKS ATOLL ATOLLS ATOM ATOMIC ATOMICAL ATOMICALLY ATOMICITIES ATOMICITY ATOMICS ATOMIES ATOMISE ATOMISED ATOMISER ATOMISERS ATOMISES ATOMISING ATOMISM ATOMISMS ATOMIST ATOMISTIC ATOMISTICALLY ATOMISTS ATOMIZATION ATOMIZATIONS ATOMIZE ATOMIZED ATOMIZER ATOMIZERS ATOMIZES ATOMIZING ATOMS ATOMY ATONABLE ATONAL ATONALISM ATONALISMS ATONALIST ATONALISTS ATONALITIES ATONALITY ATONALLY ATONE ATONED ATONEMENT ATONEMENTS ATONER ATONERS ATONES ATONIC ATONICITIES ATONICITY ATONICS ATONIES ATONING ATONINGLY ATONY ATOP ATOPIC ATOPIES ATOPY ATRABILIOUS ATRABILIOUSNESSATRAMENT ATRAMENTS ATRAZINE ATRAZINES ATREMBLE ATRESIA ATRESIAS ATRIA ATRIAL ATRIP ATRIUM ATRIUMS ATROCIOUS ATROCIOUSLY ATROCIOUSNESS ATROCIOUSNESSESATROCITIES ATROCITY ATROPHIA ATROPHIAS ATROPHIC ATROPHIED ATROPHIES ATROPHY ATROPHYING ATROPIA ATROPIAS ATROPIN ATROPINE ATROPINES ATROPINS ATROPISM ATROPISMS ATROPOUS ATT ATTABOY ATTACH ATTACHABLE ATTACHE ATTACHED ATTACHER ATTACHERS ATTACHES ATTACHING ATTACHMENT ATTACHMENTS ATTACK ATTACKED ATTACKER ATTACKERS ATTACKING ATTACKMAN ATTACKMEN ATTACKS ATTAIN ATTAINABILITIESATTAINABILITY ATTAINABLE ATTAINDER ATTAINDERS ATTAINED ATTAINER ATTAINERS ATTAINING ATTAINMENT ATTAINMENTS ATTAINS ATTAINT ATTAINTED ATTAINTING ATTAINTS ATTAP ATTAPS ATTAR ATTARS ATTASK ATTASKED ATTASKING ATTASKS ATTASKT ATTEMPER ATTEMPERED ATTEMPERING ATTEMPERS 